date,real_norm,real,pred_norm,pred,tipo,sample
1932-01-01,0.4795947086968758,1907.9999999999998,0.39729175,1615.5775,1. train,68
1932-02-01,0.4767801857585139,1897.9999999999998,0.5592683,2191.0803,1. train,68
1932-03-01,0.374331550802139,1534.0,0.439139,1764.2609,1. train,68
1932-04-01,0.1868843231072333,867.9999999999999,0.2851277,1217.0587,1. train,68
1932-05-01,0.1320011258091753,672.9999999999999,0.15767255,764.21063,1. train,68
1932-06-01,0.1204615817618913,631.9999999999998,0.107914254,587.4194,1. train,68
1932-07-01,0.0757106670419363,472.99999999999966,0.067799896,444.89307,1. train,68
1932-08-01,0.0531944835350408,392.99999999999994,0.049710244,380.62048,1. train,68
1932-09-01,0.0517872220658598,387.9999999999999,0.05423188,396.68588,1. train,68
1932-10-01,0.0892203771460737,520.9999999999999,0.08156657,493.80606,1. train,68
1932-11-01,0.1038558964255558,572.9999999999998,0.16318196,783.7855,1. train,68
1932-12-01,0.3574444131719673,1474.0,0.22839868,1015.5005,1. train,68
1933-01-01,0.3169152828595553,1330.0,0.49250177,1953.8589,1. train,68
1933-02-01,0.1469180973824936,725.9999999999998,0.34752548,1438.7579,1. train,68
1933-03-01,0.1384745285674078,695.9999999999999,0.18269661,853.1211,1. train,68
1933-04-01,0.114269631297495,609.9999999999998,0.088832535,519.622,1. train,68
1933-05-01,0.0667041936391781,440.9999999999998,0.0632503,428.72833,1. train,68
1933-06-01,0.0427807486631016,356.0,0.044832,363.2881,1. train,68
1933-07-01,0.0351815367295243,328.9999999999999,0.02044044,276.6249,1. train,68
1933-08-01,0.0340557275541795,324.99999999999983,0.03707824,335.73898,1. train,68
1933-09-01,0.0256121587390937,294.9999999999999,0.06521782,435.71893,1. train,68
1933-10-01,0.0582606248240923,410.99999999999994,0.08263527,497.60315,1. train,68
1933-11-01,0.0256121587390937,294.9999999999999,0.13838372,695.67737,1. train,68
1933-12-01,0.137348719392063,691.9999999999999,0.1880054,871.9832,1. train,68
1934-01-01,0.2831410075992119,1210.0,0.26233852,1136.0887,1. train,68
1934-02-01,0.1393188854489164,699.0,0.3141099,1320.0325,1. train,68
1934-03-01,0.1542358570222347,751.9999999999999,0.18482505,860.6834,1. train,68
1934-04-01,0.0776808330987897,479.99999999999983,0.116396695,617.5575,1. train,68
1934-05-01,0.0363073459048691,332.99999999999994,0.050153814,382.1965,1. train,68
1934-06-01,0.020264565156206,275.99999999999994,0.0323176,318.82443,1. train,68
1934-07-01,0.010132282578103,239.99999999999994,0.02336068,287.00052,1. train,68
1934-08-01,0.0,204.0,0.021455284,280.23065,1. train,68
1934-09-01,0.0121024486349563,246.99999999999977,0.0356286,330.5884,1. train,68
1934-10-01,0.0191387559808612,271.99999999999983,0.058700234,412.56192,1. train,68
1934-11-01,0.0326484660849985,319.9999999999997,0.12871064,661.30896,1. train,68
1934-12-01,0.3042499296369265,1285.0,0.16919264,805.1415,1. train,68
1935-01-01,0.4621446664790318,1846.0,0.34139025,1416.9596,1. train,68
1935-02-01,0.6698564593301436,2584.0,0.42455038,1712.4275,1. train,68
1935-03-01,0.3779904306220095,1546.9999999999998,0.41837132,1690.4733,1. train,68
1935-04-01,0.3180410920349,1333.9999999999998,0.26195633,1134.7308,1. train,68
1935-05-01,0.1984238671545173,908.9999999999999,0.19246073,887.813,1. train,68
1935-06-01,0.1322825781030115,673.9999999999999,0.14082667,704.3572,1. train,68
1935-07-01,0.0985083028426681,553.9999999999998,0.09198125,530.8094,1. train,68
1935-08-01,0.0743034055727554,468.0,0.076522455,475.8843,1. train,68
1935-09-01,0.0652969321699971,435.9999999999997,0.081375375,493.12674,1. train,68
1935-10-01,0.1168027019420208,618.9999999999999,0.07198046,459.7466,1. train,68
1935-11-01,0.0909090909090909,527.0,0.17671117,831.8548,1. train,68
1935-12-01,0.128623698283141,660.9999999999999,0.1884683,873.6279,1. train,68
1936-01-01,0.1097663945961159,593.9999999999998,0.32210654,1348.4445,1. train,68
1936-02-01,0.1289051505769772,662.0,0.28928477,1231.8287,1. train,68
1936-03-01,0.4525752884886011,1812.0,0.2574056,1118.5621,1. train,68
1936-04-01,0.2077117928511117,941.9999999999999,0.33631727,1398.9352,1. train,68
1936-05-01,0.1187728679988741,625.9999999999997,0.18833785,873.16437,1. train,68
1936-06-01,0.0652969321699971,435.9999999999997,0.10907088,591.5289,1. train,68
1936-07-01,0.0453138193076273,364.9999999999998,0.04162146,351.88104,1. train,68
1936-08-01,0.0416549394877568,351.99999999999994,0.03606979,332.15598,1. train,68
1936-09-01,0.0678300028145229,444.99999999999983,0.028580545,305.5467,1. train,68
1936-10-01,0.0413734871939206,350.99999999999994,0.03655041,333.86362,1. train,68
1936-11-01,0.1117365606529693,600.9999999999999,0.08575262,508.67908,1. train,68
1936-12-01,0.3090346186321418,1302.0,0.23001477,1021.24243,1. train,68
1937-01-01,0.6743596960315227,2600.0,0.50446224,1996.3544,1. train,68
1937-02-01,0.3898114269631297,1589.0,0.5243525,2067.0244,1. train,68
1937-03-01,0.2555586828032648,1112.0,0.34303734,1422.8116,1. train,68
1937-04-01,0.1767520405291303,831.9999999999999,0.20011407,915.00525,1. train,68
1937-05-01,0.1778778497044751,836.0,0.12725154,656.12476,1. train,68
1937-06-01,0.117084154235857,619.9999999999999,0.11260411,604.08246,1. train,68
1937-07-01,0.070925978046721,455.9999999999998,0.07864016,483.40854,1. train,68
1937-08-01,0.0450323670137911,363.9999999999998,0.06663807,440.76505,1. train,68
1937-09-01,0.028989586265128,306.99999999999983,0.05670385,405.46878,1. train,68
1937-10-01,0.1730931607092597,818.9999999999998,0.08850111,518.44446,1. train,68
1937-11-01,0.2231916690121024,997.0,0.29303068,1245.138,1. train,68
1937-12-01,0.6020264565156206,2343.0,0.3540288,1461.8643,1. train,68
1938-01-01,0.4770616380523501,1899.0,0.57785827,2257.1304,1. train,68
1938-02-01,0.4058542077117928,1646.0,0.44959214,1801.401,1. train,68
1938-03-01,0.3492822966507177,1445.0,0.29373217,1247.6304,1. train,68
1938-04-01,0.2105263157894737,952.0000000000001,0.20593567,935.68945,1. train,68
1938-05-01,0.1818181818181818,849.9999999999999,0.14848758,731.5764,1. train,68
1938-06-01,0.1218688432310723,636.9999999999999,0.14266123,710.87537,1. train,68
1938-07-01,0.0855614973262032,508.0,0.089204445,520.9434,1. train,68
1938-08-01,0.0779622853926259,480.99999999999983,0.08530799,507.0993,1. train,68
1938-09-01,0.0779622853926259,480.99999999999983,0.08650647,511.3575,1. train,68
1938-10-01,0.1657754010695187,793.0,0.10532734,578.228,1. train,68
1938-11-01,0.1998311286236982,913.9999999999997,0.25493234,1109.7745,1. train,68
1938-12-01,0.406135660005629,1647.0,0.42092702,1699.5537,1. train,68
1939-01-01,0.5305375738812271,2089.0,0.51515436,2034.3434,1. train,68
1939-02-01,0.5052068674359697,1999.0000000000002,0.46612886,1860.1559,1. train,68
1939-03-01,0.2417675204052913,1063.0,0.37434673,1534.054,1. train,68
1939-04-01,0.2119335772586546,956.9999999999999,0.20092726,917.89453,1. train,68
1939-05-01,0.147481001970166,727.9999999999998,0.16074473,775.12604,1. train,68
1939-06-01,0.0999155643118491,558.9999999999999,0.10566226,579.418,1. train,68
1939-07-01,0.0785251899802983,482.9999999999999,0.06510334,435.31216,1. train,68
1939-08-01,0.0546017450042217,397.9999999999997,0.060984053,420.67633,1. train,68
1939-09-01,0.0413734871939206,350.99999999999994,0.0721031,460.18234,1. train,68
1939-10-01,0.0546017450042217,397.9999999999997,0.095827684,544.47577,1. train,68
1939-11-01,0.1131438221221503,606.0,0.1434512,713.6821,1. train,68
1939-12-01,0.3242330424992963,1355.9999999999998,0.22087295,988.76166,1. train,68
1940-01-01,0.5105544610188574,2018.0000000000002,0.48451906,1925.4962,1. train,68
1940-02-01,0.6251055446101886,2425.0,0.47576562,1894.3953,1. train,68
1940-03-01,0.5271601463551928,2077.0,0.48817784,1938.4958,1. train,68
1940-04-01,0.264565156206023,1143.9999999999998,0.34715235,1437.4323,1. train,68
1940-05-01,0.1745004221784407,823.9999999999998,0.21870494,981.0586,1. train,68
1940-06-01,0.1218688432310723,636.9999999999999,0.14936286,734.6863,1. train,68
1940-07-01,0.0869687587953841,512.9999999999997,0.082611725,497.51947,1. train,68
1940-08-01,0.0574162679425837,407.9999999999999,0.061470542,422.40485,1. train,68
1940-09-01,0.0500985083028426,381.9999999999997,0.06648834,440.23306,1. train,68
1940-10-01,0.0731775963974106,463.9999999999999,0.07400384,466.93564,1. train,68
1940-11-01,0.2361384745285674,1043.0,0.15426825,752.1151,1. train,68
1940-12-01,0.3799605966788629,1554.0,0.37321344,1530.0273,1. train,68
1941-01-01,0.4238671545173093,1710.0,0.5084814,2010.6343,1. train,68
1941-02-01,0.2254432873627919,1004.9999999999998,0.45615184,1824.7075,1. train,68
1941-03-01,0.2164368139600337,972.9999999999998,0.21656269,973.4472,1. train,68
1941-04-01,0.1660568533633549,794.0,0.14831561,730.9654,1. train,68
1941-05-01,0.0855614973262032,508.0,0.09616846,545.6866,1. train,68
1941-06-01,0.0714888826343934,457.9999999999998,0.05965266,415.94592,1. train,68
1941-07-01,0.070925978046721,455.9999999999998,0.045292165,364.92307,1. train,68
1941-08-01,0.0365887981987053,333.99999999999994,0.06024095,418.0361,1. train,68
1941-09-01,0.1134252744159864,606.9999999999997,0.059886083,416.77524,1. train,68
1941-10-01,0.1300309597523219,665.9999999999997,0.14845994,731.4782,1. train,68
1941-11-01,0.1407261469180973,703.9999999999997,0.2218265,992.1495,1. train,68
1941-12-01,0.3104418801013228,1307.0,0.36015457,1483.6292,1. train,68
1942-01-01,0.3110047846889952,1309.0,0.37424195,1533.6816,1. train,68
1942-02-01,0.2927103855896425,1244.0,0.29575223,1254.8076,1. train,68
1942-03-01,0.4669293554742471,1862.9999999999998,0.21998428,985.6042,1. train,68
1942-04-01,0.2333239515902054,1032.9999999999998,0.24610153,1078.3987,1. train,68
1942-05-01,0.1587390937236138,767.9999999999999,0.15277067,746.7942,1. train,68
1942-06-01,0.1218688432310723,636.9999999999999,0.13320696,677.28436,1. train,68
1942-07-01,0.0962566844919786,546.0,0.07597555,473.94116,1. train,68
1942-08-01,0.0605122431747818,418.9999999999998,0.07078342,455.49353,1. train,68
1942-09-01,0.0523501266535322,389.9999999999999,0.047586113,373.07346,1. train,68
1942-10-01,0.0945679707289614,539.9999999999999,0.055849366,402.4328,1. train,68
1942-11-01,0.1840698001688713,857.9999999999998,0.13207814,673.2737,1. train,68
1942-12-01,0.289051505769772,1231.0,0.3547046,1464.2654,1. train,68
1943-01-01,0.7101041373487194,2727.0,0.46197855,1845.4098,1. train,68
1943-02-01,0.5612158739093723,2198.0,0.57532996,2248.1472,1. train,68
1943-03-01,0.521531100478469,2057.0,0.46054006,1840.2988,1. train,68
1943-04-01,0.2611877286799887,1132.0,0.31067497,1307.8281,1. train,68
1943-05-01,0.1750633267661131,825.9999999999999,0.20553029,934.2491,1. train,68
1943-06-01,0.1339712918660287,680.0,0.15359199,749.71234,1. train,68
1943-07-01,0.0985083028426681,553.9999999999998,0.107007444,584.19745,1. train,68
1943-08-01,0.0819026175063326,494.9999999999997,0.063412264,429.30377,1. train,68
1943-09-01,0.0669856459330143,441.99999999999983,0.083003506,498.91147,1. train,68
1943-10-01,0.1249648184632704,647.9999999999998,0.11411123,609.4372,1. train,68
1943-11-01,0.1274978891077962,656.9999999999999,0.19783172,906.89606,1. train,68
1943-12-01,0.2504925415142133,1094.0,0.26816857,1156.8029,1. train,68
1944-01-01,0.2248803827751196,1002.9999999999999,0.46027222,1839.3473,1. train,68
1944-02-01,0.3706726709822684,1520.9999999999998,0.33117747,1380.6736,1. train,68
1944-03-01,0.4016324233042499,1631.0,0.317927,1333.5946,1. train,68
1944-04-01,0.2001125809175344,914.9999999999997,0.28093058,1202.1464,1. train,68
1944-05-01,0.1165212496481846,617.9999999999999,0.15869085,767.8286,1. train,68
1944-06-01,0.0819026175063326,494.9999999999997,0.103489876,571.6995,1. train,68
1944-07-01,0.0613566000562904,421.9999999999998,0.0515542,387.1721,1. train,68
1944-08-01,0.0402476780185758,346.9999999999999,0.03748108,337.1703,1. train,68
1944-09-01,0.0250492541514213,292.9999999999999,0.030372933,311.91504,1. train,68
1944-10-01,0.0382775119617224,339.9999999999997,0.04115673,350.22986,1. train,68
1944-11-01,0.0855614973262032,508.0,0.106279925,581.6126,1. train,68
1944-12-01,0.1314382212215029,670.9999999999998,0.2134955,962.54944,1. train,68
1945-01-01,0.1888544891640866,874.9999999999997,0.26697677,1152.5685,1. train,68
1945-02-01,0.4992963692654095,1978.0,0.36110207,1486.9956,1. train,68
1945-03-01,0.2825781030115395,1208.0,0.40585104,1645.9886,1. train,68
1945-04-01,0.22262876442443,994.9999999999998,0.25546804,1111.678,1. train,68
1945-05-01,0.1193357725865465,627.9999999999998,0.152073,744.31537,1. train,68
1945-06-01,0.0982268505488319,552.9999999999998,0.08588657,509.155,1. train,68
1945-07-01,0.0833098789755136,499.9999999999999,0.06019468,417.8717,1. train,68
1945-08-01,0.0408105826062482,348.99999999999983,0.046100054,367.79352,1. train,68
1945-09-01,0.0309597523219814,313.99999999999994,0.029988505,310.54916,1. train,68
1945-10-01,0.0408105826062482,348.99999999999983,0.04621578,368.20465,1. train,68
1945-11-01,0.1578947368421052,764.9999999999998,0.08694563,512.91785,1. train,68
1945-12-01,0.3886856177877849,1584.9999999999998,0.31278604,1315.3287,1. train,68
1946-01-01,0.8435125246270757,3201.0,0.51698524,2040.8485,1. train,68
1946-02-01,0.3112862369828313,1309.9999999999998,0.5808247,2267.67,1. train,68
1946-03-01,0.3554742471151139,1466.9999999999998,0.3531668,1458.8015,1. train,68
1946-04-01,0.2668167745567126,1152.0,0.22095075,989.038,1. train,68
1946-05-01,0.1553616661975795,755.9999999999999,0.13803409,694.4351,1. train,68
1946-06-01,0.1190543202927103,626.9999999999998,0.12586597,651.2018,1. train,68
1946-07-01,0.0968195890796509,547.9999999999997,0.08875629,519.35114,1. train,68
1946-08-01,0.06360821840698,429.99999999999994,0.08724864,513.99445,1. train,68
1946-09-01,0.0368702504925415,334.99999999999994,0.07416861,467.5211,1. train,68
1946-10-01,0.0878131156768927,515.9999999999998,0.10400866,573.5428,1. train,68
1946-11-01,0.1367858148043906,689.9999999999998,0.1612251,776.83276,1. train,68
1946-12-01,0.1533915001407261,748.9999999999999,0.27722394,1188.9767,1. train,68
1947-01-01,0.4421615536166619,1774.9999999999998,0.37182948,1525.1101,1. train,68
1947-02-01,0.4604559527160146,1839.9999999999998,0.49235952,1953.3534,1. train,68
1947-03-01,1.0,3757.0000000000005,0.4067896,1649.3234,1. train,68
1947-04-01,0.4145792288207148,1676.9999999999998,0.50786203,2008.4337,1. train,68
1947-05-01,0.2336054038840416,1034.0,0.29604214,1255.8378,1. train,68
1947-06-01,0.1688713763017168,803.9999999999998,0.1920896,886.4944,1. train,68
1947-07-01,0.1393188854489164,699.0,0.13667628,689.61084,1. train,68
1947-08-01,0.0968195890796509,547.9999999999997,0.094979644,541.4627,1. train,68
1947-09-01,0.1716858992400788,814.0,0.102933854,569.724,1. train,68
1947-10-01,0.1190543202927103,626.9999999999998,0.13847359,695.9967,1. train,68
1947-11-01,0.1435406698564593,713.9999999999999,0.1480883,730.1578,1. train,68
1947-12-01,0.3171967351533915,1331.0,0.32299984,1351.6184,1. train,68
1948-01-01,0.3656065296932169,1502.9999999999998,0.46321532,1849.8041,1. train,68
1948-02-01,0.4269631297495074,1721.0,0.45950386,1836.6173,1. train,68
1948-03-01,0.4565156206023078,1825.9999999999998,0.3141269,1320.0929,1. train,68
1948-04-01,0.2451449479313256,1074.9999999999998,0.3012639,1274.3906,1. train,68
1948-05-01,0.15902054601745,768.9999999999999,0.1820883,850.9598,1. train,68
1948-06-01,0.1305938643399943,667.9999999999997,0.1386781,696.7233,1. train,68
1948-07-01,0.0776808330987897,479.99999999999983,0.07858507,483.2128,1. train,68
1948-08-01,0.0605122431747818,418.9999999999998,0.061251912,421.62805,1. train,68
1948-09-01,0.0408105826062482,348.99999999999983,0.0501818,382.29593,1. train,68
1948-10-01,0.0509428651843512,384.99999999999983,0.050779063,384.41803,1. train,68
1948-11-01,0.1578947368421052,764.9999999999998,0.11473782,611.6635,1. train,68
1948-12-01,0.2980579791725302,1262.9999999999998,0.3073986,1296.1871,1. train,68
1949-01-01,0.4159864902898958,1682.0,0.44502795,1785.1843,1. train,68
1949-02-01,0.5676892766676048,2221.0,0.48253787,1918.457,1. train,68
1949-03-01,0.3160709259780467,1327.0,0.43701398,1756.7107,1. train,68
1949-04-01,0.2102448634956375,951.0000000000001,0.23831227,1050.7235,1. train,68
1949-05-01,0.1556431184914157,757.0,0.17269742,817.594,1. train,68
1949-06-01,0.1165212496481846,617.9999999999999,0.104203925,574.2366,1. train,68
1949-07-01,0.0740219532789192,466.9999999999999,0.0740577,467.127,1. train,68
1949-08-01,0.0509428651843512,384.99999999999983,0.0585372,411.98267,1. train,68
1949-09-01,0.0374331550802138,336.99999999999966,0.058547553,412.01947,1. train,68
1949-10-01,0.0548831972980579,398.9999999999997,0.06534737,436.17923,1. train,68
1949-11-01,0.1441035744441317,715.9999999999999,0.1330761,676.8194,1. train,68
1949-12-01,0.2670982268505488,1153.0,0.24252196,1065.6805,1. train,68
1950-01-01,0.3813678581480438,1558.9999999999998,0.4375425,1758.5885,1. train,68
1950-02-01,0.6515620602307909,2519.0,0.43562937,1751.7911,1. train,68
1950-03-01,0.3875598086124401,1580.9999999999998,0.4735407,1886.4901,1. train,68
1950-04-01,0.276104700253307,1185.0,0.29593584,1255.46,1. train,68
1950-05-01,0.1823810864058542,852.0,0.20080322,917.4538,1. train,68
1950-06-01,0.1269349845201238,654.9999999999999,0.13374342,679.19037,1. train,68
1950-07-01,0.1092034900084435,591.9999999999998,0.091350764,528.5693,1. train,68
1950-08-01,0.0821840698001688,495.99999999999983,0.07481122,469.8043,1. train,68
1950-09-01,0.0630453138193076,427.99999999999994,0.07178633,459.05685,1. train,68
1950-10-01,0.0790880945679707,484.9999999999999,0.07961041,486.8558,1. train,68
1950-11-01,0.2406417112299465,1059.0,0.14769888,728.7742,1. train,68
1950-12-01,0.4066985645933014,1649.0,0.34977564,1446.7528,1. train,68
1951-01-01,0.3839009287925696,1568.0,0.5429717,2133.1782,1. train,68
1951-02-01,0.5037996059667886,1994.0,0.4131453,1671.9053,1. train,68
1951-03-01,0.4508865747255839,1805.9999999999995,0.3960651,1611.2192,1. train,68
1951-04-01,0.3017168589924007,1275.9999999999998,0.28086624,1201.9177,1. train,68
1951-05-01,0.1956093442161553,898.9999999999998,0.20178933,920.9575,1. train,68
1951-06-01,0.1396003377427526,700.0,0.15480128,754.009,1. train,68
1951-07-01,0.0993526597241767,556.9999999999998,0.10632397,581.7691,1. train,68
1951-08-01,0.0765550239234449,475.9999999999997,0.08830208,517.7373,1. train,68
1951-09-01,0.0517872220658598,387.9999999999999,0.0673548,443.31158,1. train,68
1951-10-01,0.0641711229946524,432.0,0.064802386,434.2429,1. train,68
1951-11-01,0.0486912468336616,376.99999999999966,0.13475287,682.777,1. train,68
1951-12-01,0.1567689276667604,760.9999999999997,0.1769661,832.76056,1. train,68
1952-01-01,0.2842668167745567,1214.0,0.30151063,1275.2672,1. train,68
1952-02-01,0.4719954967632986,1881.0,0.4273538,1722.3881,1. train,68
1952-03-01,0.6056853363354912,2356.0,0.45994908,1838.1991,1. train,68
1952-04-01,0.3326766113143822,1386.0,0.4560651,1824.3993,1. train,68
1952-05-01,0.1593019983112862,769.9999999999999,0.25233725,1100.5542,1. train,68
1952-06-01,0.1412890515057697,705.9999999999998,0.1628446,782.58685,1. train,68
1952-07-01,0.085280045032367,506.99999999999994,0.09021867,524.54694,1. train,68
1952-08-01,0.0568533633549113,405.9999999999999,0.060034264,417.30176,1. train,68
1952-09-01,0.0562904587672389,403.9999999999998,0.053790044,395.11603,1. train,68
1952-10-01,0.0500985083028426,381.9999999999997,0.056958906,406.375,1. train,68
1952-11-01,0.128623698283141,660.9999999999999,0.09414373,538.49274,1. train,68
1952-12-01,0.1652124964818463,790.9999999999999,0.2341045,1035.7733,1. train,68
1953-01-01,0.1128623698283141,605.0,0.286385,1221.5259,1. train,68
1953-02-01,0.1339712918660287,680.0,0.32194993,1347.8881,1. train,68
1953-03-01,0.1787222065859836,838.9999999999997,0.23425446,1036.3062,1. train,68
1953-04-01,0.2352941176470588,1040.0,0.16812685,801.35474,1. train,68
1953-05-01,0.0858429496200394,509.0,0.17250657,816.9159,1. train,68
1953-06-01,0.0576977202364199,408.99999999999994,0.07009421,453.04477,1. train,68
1953-07-01,0.0422178440754292,353.99999999999994,0.049614694,380.281,1. train,68
1953-08-01,0.0278637770897832,302.9999999999998,0.027260927,300.8581,1. train,68
1953-09-01,0.028989586265128,306.99999999999983,0.028126255,303.9326,1. train,68
1953-10-01,0.0354629890233605,329.9999999999999,0.026906349,299.59827,1. train,68
1953-11-01,0.0869687587953841,512.9999999999997,0.077440776,479.14706,1. train,68
1953-12-01,0.1714044469462426,813.0,0.17130966,812.66327,1. train,68
1954-01-01,0.1517027863777089,742.9999999999997,0.31042352,1306.9347,1. train,68
1954-02-01,0.2974950745848578,1260.9999999999998,0.3068086,1294.091,1. train,68
1954-03-01,0.1300309597523219,665.9999999999997,0.31005913,1305.64,1. train,68
1954-04-01,0.128623698283141,660.9999999999999,0.10175891,565.54944,1. train,68
1954-05-01,0.1204615817618913,631.9999999999998,0.081036754,491.92358,1. train,68
1954-06-01,0.0692372642837039,450.0,0.053115375,392.71893,1. train,68
1954-07-01,0.0349000844356881,327.99999999999983,0.04472404,362.9045,1. train,68
1954-08-01,0.0194202082746974,272.9999999999999,0.035419103,329.8441,1. train,68
1954-09-01,0.0050661412890515,222.0,0.027565757,301.94113,1. train,68
1954-10-01,0.0267379679144385,299.0,0.029422376,308.53772,1. train,68
1954-11-01,0.060793695468618,419.9999999999998,0.071847,459.2724,1. train,68
1954-12-01,0.1094849423022797,592.9999999999998,0.15814093,765.87476,1. train,68
1955-01-01,0.2763861525471432,1186.0,0.25709307,1117.4517,1. train,68
1955-02-01,0.1457922882071489,722.0,0.34546074,1431.422,1. train,68
1955-03-01,0.199549676329862,912.9999999999998,0.21909907,982.459,1. train,68
1955-04-01,0.1297495074584858,665.0,0.17453055,824.10706,1. train,68
1955-05-01,0.0599493385871094,416.9999999999997,0.06868811,448.0489,1. train,68
1955-06-01,0.0495356037151702,379.9999999999998,0.046316117,368.56116,1. train,68
1955-07-01,0.0213903743315507,279.99999999999966,0.026002191,296.38577,1. train,68
1955-08-01,0.0078806642274134,231.9999999999998,0.019860003,274.5626,1. train,68
1955-09-01,0.0123839009287925,247.99999999999974,0.03706841,335.70407,1. train,68
1955-10-01,0.0225161835068955,283.9999999999997,0.04106538,349.9053,1. train,68
1955-11-01,0.0599493385871094,416.9999999999997,0.08083776,491.21658,1. train,68
1955-12-01,0.2699127497889107,1163.0,0.18532684,862.4663,1. train,68
1956-01-01,0.2530256121587391,1103.0,0.35862285,1478.187,1. train,68
1956-02-01,0.1429777652687869,711.9999999999998,0.3349502,1394.0781,1. train,68
1956-03-01,0.2758232479594708,1183.9999999999998,0.17888601,839.58203,1. train,68
1956-04-01,0.1106107514776245,596.9999999999999,0.15825278,766.27216,1. train,68
1956-05-01,0.1013228257810301,564.0,0.062085077,424.5883,1. train,68
1956-06-01,0.0923163523782718,531.9999999999997,0.05927403,414.60065,1. train,68
1956-07-01,0.0548831972980579,398.9999999999997,0.038189307,339.6866,1. train,68
1956-08-01,0.06360821840698,429.99999999999994,0.05108524,385.50586,1. train,68
1956-09-01,0.0416549394877568,351.99999999999994,0.05421429,396.62338,1. train,68
1956-10-01,0.0298339431466366,309.99999999999983,0.045514733,365.71384,1. train,68
1956-11-01,0.0596678862932732,415.9999999999997,0.08584559,509.0094,1. train,68
1956-12-01,0.2704756543765831,1165.0,0.18769552,870.8822,1. train,68
1957-01-01,0.3943146636645088,1604.9999999999998,0.36018315,1483.7307,1. train,68
1957-02-01,0.3577258654658035,1475.0,0.42460856,1712.6342,1. train,68
1957-03-01,0.4106388967070081,1662.9999999999998,0.3104565,1307.052,1. train,68
1957-04-01,0.3782718829158457,1547.9999999999998,0.28473768,1215.673,1. train,68
1957-05-01,0.2105263157894737,952.0000000000001,0.20825343,943.92444,1. train,68
1957-06-01,0.1342527441598649,681.0,0.15348454,749.33057,1. train,68
1957-07-01,0.1077962285392626,587.0,0.09661241,547.2639,1. train,68
1957-08-01,0.0734590486912468,464.9999999999999,0.07564398,472.76306,1. train,68
1957-09-01,0.117084154235857,619.9999999999999,0.06851993,447.4513,1. train,68
1957-10-01,0.0655783844638333,436.9999999999997,0.08263078,497.5872,1. train,68
1957-11-01,0.1632423304249929,783.9999999999998,0.095340565,542.74506,1. train,68
1957-12-01,0.2808893892485223,1201.9999999999998,0.2924349,1243.0211,1. train,68
1958-01-01,0.2113706726709822,954.9999999999999,0.44977543,1802.0521,1. train,68
1958-02-01,0.3746130030959751,1534.9999999999998,0.3960016,1610.9937,1. train,68
1958-03-01,0.2941176470588235,1249.0,0.35173097,1453.7001,1. train,68
1958-04-01,0.1950464396284829,896.9999999999998,0.19808806,907.80695,1. train,68
1958-05-01,0.1942020827469744,894.0,0.13554356,685.5863,1. train,68
1958-06-01,0.1542358570222347,751.9999999999999,0.12179981,636.75476,1. train,68
1958-07-01,0.1221502955249085,637.9999999999999,0.10070716,561.81256,1. train,68
1958-08-01,0.0776808330987897,479.99999999999983,0.08934122,521.4294,1. train,68
1958-09-01,0.1072333239515902,585.0,0.058951087,413.45322,1. train,68
1958-10-01,0.1289051505769772,662.0,0.09824526,553.0654,1. train,68
1958-11-01,0.1426963129749507,710.9999999999998,0.16994992,807.8321,1. train,68
1958-12-01,0.1809738249366732,846.9999999999999,0.23269525,1030.7662,1. train,68
1959-01-01,0.4534196453701097,1814.9999999999998,0.30833805,1299.525,1. train,68
1959-02-01,0.3388685617787784,1407.9999999999998,0.46727172,1864.2164,1. train,68
1959-03-01,0.2943990993526597,1250.0,0.32253665,1349.9727,1. train,68
1959-04-01,0.2504925415142133,1094.0,0.2287596,1016.7829,1. train,68
1959-05-01,0.1376301716858992,692.9999999999999,0.1544474,752.75165,1. train,68
1959-06-01,0.1061075147762454,581.0,0.11611515,616.5572,1. train,68
1959-07-01,0.082465522094005,496.9999999999998,0.07475479,469.6038,1. train,68
1959-08-01,0.0734590486912468,464.9999999999999,0.04798107,374.47675,1. train,68
1959-09-01,0.0554461018857303,400.9999999999998,0.056078255,403.24603,1. train,68
1959-10-01,0.0630453138193076,427.99999999999994,0.073547184,465.31317,1. train,68
1959-11-01,0.1305938643399943,667.9999999999997,0.094747305,540.6372,1. train,68
1959-12-01,0.1621165212496481,779.9999999999997,0.22766438,1012.89154,1. train,68
1960-01-01,0.3827751196172248,1564.0,0.3556163,1467.5046,1. train,68
1960-02-01,0.4058542077117928,1646.0,0.440216,1768.0874,1. train,68
1960-03-01,0.538981142696313,2119.0,0.36959574,1517.1736,1. train,68
1960-04-01,0.2237545735997748,999.0,0.3602658,1484.0243,1. train,68
1960-05-01,0.1843512524627075,858.9999999999998,0.17673296,831.93225,1. train,68
1960-06-01,0.125809175344779,650.9999999999998,0.14009683,701.76404,1. train,68
1960-07-01,0.1221502955249085,637.9999999999999,0.08504557,506.1669,1. train,68
1960-08-01,0.0855614973262032,508.0,0.06645712,440.12216,1. train,68
1960-09-01,0.0543202927103855,396.9999999999997,0.062807634,427.15552,1. train,68
1960-10-01,0.0630453138193076,427.99999999999994,0.0791222,485.12122,1. train,68
1960-11-01,0.0968195890796509,547.9999999999997,0.09541167,542.9977,1. train,68
1960-12-01,0.3115676892766675,1310.9999999999998,0.20405251,928.99854,1. train,68
1961-01-01,0.7157331832254433,2747.0,0.4515426,1808.3309,1. train,68
1961-02-01,0.7593582887700535,2902.0,0.6098808,2370.9065,1. train,68
1961-03-01,0.7177033492822966,2754.0,0.5744162,2244.901,1. train,68
1961-04-01,0.352659724176752,1457.0,0.46411234,1852.9911,1. train,68
1961-05-01,0.2867998874190824,1223.0,0.28623745,1221.0016,1. train,68
1961-06-01,0.179285111173656,840.9999999999998,0.22809188,1014.41046,1. train,68
1961-07-01,0.1328454826906839,676.0,0.15070602,739.4585,1. train,68
1961-08-01,0.1032929918378834,570.9999999999998,0.09011983,524.19574,1. train,68
1961-09-01,0.0849985927385308,505.99999999999994,0.1116308,600.62427,1. train,68
1961-10-01,0.0624824092316352,425.99999999999983,0.12161264,636.0897,1. train,68
1961-11-01,0.1215873909372361,635.9999999999999,0.12260544,639.6172,1. train,68
1961-12-01,0.1598649028989586,771.9999999999999,0.24385627,1070.4214,1. train,68
1962-01-01,0.3084717140444694,1299.9999999999998,0.30028635,1270.9174,1. train,68
1962-02-01,0.6149732620320856,2389.0,0.50694543,2005.1771,1. train,68
1962-03-01,0.3853081902617506,1573.0,0.5192867,2049.0256,1. train,68
1962-04-01,0.2082746974387841,943.9999999999999,0.37802204,1547.1123,1. train,68
1962-05-01,0.1666197579510273,796.0,0.18863055,874.20435,1. train,68
1962-06-01,0.1384745285674078,695.9999999999999,0.11744583,621.28503,1. train,68
1962-07-01,0.0928792569659442,533.9999999999998,0.09582594,544.4696,1. train,68
1962-08-01,0.0754292147481001,471.99999999999966,0.060280796,418.17767,1. train,68
1962-09-01,0.0731775963974106,463.9999999999999,0.056593053,405.0751,1. train,68
1962-10-01,0.1381930762735716,694.9999999999999,0.086366564,510.8604,1. train,68
1962-11-01,0.1770334928229665,832.9999999999999,0.19783306,906.9008,1. train,68
1962-12-01,0.3518153672952434,1453.9999999999998,0.32384253,1354.6124,1. train,68
1963-01-01,0.4275260343371798,1723.0,0.5059028,2001.4727,1. train,68
1963-02-01,0.3616661975795102,1488.9999999999998,0.3878451,1582.0135,1. train,68
1963-03-01,0.2223473121305938,993.9999999999998,0.3007644,1272.616,1. train,68
1963-04-01,0.1227132001125809,640.0,0.16602035,793.8703,1. train,68
1963-05-01,0.0900647340275823,523.9999999999999,0.102005586,566.42584,1. train,68
1963-06-01,0.0669856459330143,441.99999999999983,0.061898485,423.92532,1. train,68
1963-07-01,0.0548831972980579,398.9999999999997,0.033021107,321.324,1. train,68
1963-08-01,0.0402476780185758,346.9999999999999,0.037692454,337.9213,1. train,68
1963-09-01,0.0261750633267661,297.0,0.055555988,401.39044,1. train,68
1963-10-01,0.0464396284829721,368.99999999999994,0.08585738,509.05127,1. train,68
1963-11-01,0.085280045032367,506.99999999999994,0.14822048,730.6274,1. train,68
1963-12-01,0.0365887981987053,333.99999999999994,0.22507517,1003.6921,1. train,68
1964-01-01,0.3515339150014072,1452.9999999999998,0.21167147,956.0687,1. train,68
1964-02-01,0.4925415142133407,1953.9999999999993,0.37184322,1525.1589,1. train,68
1964-03-01,0.1742189698846045,822.9999999999998,0.38790652,1582.2318,1. train,68
1964-04-01,0.1542358570222347,751.9999999999999,0.20037344,915.9268,1. train,68
1964-05-01,0.1145510835913312,610.9999999999998,0.12040515,631.79956,1. train,68
1964-06-01,0.0745848578665916,469.0,0.068713754,448.13998,1. train,68
1964-07-01,0.0489726991274978,377.99999999999966,0.054902226,399.0676,1. train,68
1964-08-01,0.0151984238671545,257.99999999999994,0.024797514,292.10556,1. train,68
1964-09-01,0.00591049817056,224.99999999999972,0.032620605,319.90103,1. train,68
1964-10-01,0.0920349000844356,530.9999999999997,0.058416642,411.55432,1. train,68
1964-11-01,0.1514213340838728,742.0,0.13860875,696.4769,1. train,68
1964-12-01,0.2958063608218406,1254.9999999999998,0.29211298,1241.8773,1. train,68
1965-01-01,0.6360821840698002,2464.0,0.46319354,1849.7266,1. train,68
1965-02-01,0.8221221502955249,3125.0,0.48793584,1937.636,1. train,68
1965-03-01,0.6526878694061357,2523.0,0.5306307,2089.3308,1. train,68
1965-04-01,0.3143822122150295,1321.0,0.3742258,1533.6243,1. train,68
1965-05-01,0.3473121305938643,1438.0,0.27135783,1168.1344,1. train,68
1965-06-01,0.2414860681114551,1062.0,0.23614782,1043.0332,1. train,68
1965-07-01,0.2091190543202927,947.0000000000001,0.17610599,829.7046,1. train,68
1965-08-01,0.1612721643681396,777.0,0.14418587,716.2924,1. train,68
1965-09-01,0.1229946524064171,641.0,0.14746818,727.95447,1. train,68
1965-10-01,0.2164368139600337,972.9999999999998,0.17258865,817.20746,1. train,68
1965-11-01,0.2769490571348156,1188.0,0.2591754,1124.8501,1. train,68
1965-12-01,0.4686180692372643,1869.0000000000002,0.3712563,1523.0736,1. train,68
1966-01-01,0.796228539262595,3033.0,0.61737686,2397.54,1. train,68
1966-02-01,0.5313819307627358,2092.0,0.647112,2503.189,1. train,68
1966-03-01,0.6965944272445821,2679.0,0.4581776,1831.905,1. train,68
1966-04-01,0.3506895581198986,1449.9999999999998,0.44401565,1781.5876,1. train,68
1966-05-01,0.2336054038840416,1034.0,0.24174477,1062.9192,1. train,68
1966-06-01,0.1469180973824936,725.9999999999998,0.22803667,1014.2143,1. train,68
1966-07-01,0.1061075147762454,581.0,0.1329799,676.4776,1. train,68
1966-08-01,0.0793695468618069,485.99999999999994,0.09502566,541.6262,1. train,68
1966-09-01,0.0788066422741345,483.9999999999999,0.082849845,498.36554,1. train,68
1966-10-01,0.169152828595553,804.9999999999998,0.11891666,626.5109,1. train,68
1966-11-01,0.3205741626794258,1343.0,0.21915135,982.6447,1. train,68
1966-12-01,0.4649591894173937,1856.0,0.5358792,2107.9788,1. train,68
1967-01-01,0.7908809456797073,3014.0,0.6209414,2410.2048,1. train,68
1967-02-01,0.6726709822685055,2594.0,0.64537144,2497.0046,1. train,68
1967-03-01,0.4818463270475654,1916.0,0.48582006,1930.1187,1. train,68
1967-04-01,0.2713200112580917,1167.9999999999998,0.31255105,1314.4939,1. train,68
1967-05-01,0.1902617506332676,879.9999999999999,0.23714396,1046.5725,1. train,68
1967-06-01,0.1573318322544328,762.9999999999998,0.16044974,774.07794,1. train,68
1967-07-01,0.1182099634112018,624.0,0.12575643,650.8126,1. train,68
1967-08-01,0.0962566844919786,546.0,0.10078007,562.0716,1. train,68
1967-09-01,0.0841542358570222,502.9999999999999,0.10647221,582.2958,1. train,68
1967-10-01,0.0897832817337461,522.9999999999999,0.15214604,744.5749,1. train,68
1967-11-01,0.2465522094005066,1080.0,0.19127914,883.6148,1. train,68
1967-12-01,0.309316070925978,1303.0,0.37060872,1520.7727,1. train,68
1968-01-01,0.4086687306501547,1655.9999999999998,0.46434367,1853.813,1. train,68
1968-02-01,0.2206585983675767,988.0,0.4438506,1781.0013,1. train,68
1968-03-01,0.212496481846327,958.9999999999998,0.21766537,977.36505,1. train,68
1968-04-01,0.1148325358851674,611.9999999999998,0.15185031,743.5242,1. train,68
1968-05-01,0.075147762454264,470.99999999999994,0.07073748,455.3303,1. train,68
1968-06-01,0.0576977202364199,408.99999999999994,0.045348637,365.12372,1. train,68
1968-07-01,0.0433436532507739,357.9999999999997,0.03217251,318.30893,1. train,68
1968-08-01,0.0458767238952997,366.99999999999983,0.04658781,369.5265,1. train,68
1968-09-01,0.0447509147199549,362.9999999999998,0.055560358,401.40594,1. train,68
1968-10-01,0.0700816211652125,453.0,0.10198152,566.3404,1. train,68
1968-11-01,0.0523501266535322,389.9999999999999,0.17625585,830.23706,1. train,68
1968-12-01,0.3188854489164086,1336.9999999999998,0.21717261,975.6143,1. train,68
1969-01-01,0.2721643681396003,1171.0,0.37272063,1528.2764,1. train,68
1969-02-01,0.2783563186039965,1192.9999999999998,0.28709948,1224.0645,1. train,68
1969-03-01,0.2144666479031804,966.0,0.23118004,1025.3827,1. train,68
1969-04-01,0.1215873909372361,635.9999999999999,0.13663344,689.4586,1. train,68
1969-05-01,0.0588235294117647,413.0,0.09392387,537.71155,1. train,68
1969-06-01,0.0652969321699971,435.9999999999997,0.049421914,379.59607,1. train,68
1969-07-01,0.0377146073740501,338.0,0.017688137,266.84595,1. train,68
1969-08-01,0.0306783000281452,312.9999999999999,0.031306744,315.23285,1. train,68
1969-09-01,0.0028145229383619,213.99999999999986,0.05100171,385.20908,1. train,68
1969-10-01,0.0771179285111173,477.99999999999983,0.03501537,328.40964,1. train,68
1969-11-01,0.2918660287081339,1240.9999999999998,0.16475295,789.36725,1. train,68
1969-12-01,0.2642837039121868,1142.9999999999998,0.42714533,1721.6473,1. train,68
1970-01-01,0.3399943709541232,1412.0,0.3685297,1513.386,1. train,68
1970-02-01,0.3028426681677455,1280.0,0.32053205,1342.8503,1. train,68
1970-03-01,0.3143822122150295,1321.0,0.212062,957.45624,1. train,68
1970-04-01,0.1567689276667604,760.9999999999997,0.154715,753.70245,1. train,68
1970-05-01,0.0928792569659442,533.9999999999998,0.121605545,636.0645,1. train,68
1970-06-01,0.0681114551083591,445.99999999999994,0.064164005,431.9747,1. train,68
1970-07-01,0.06360821840698,429.99999999999994,0.05272405,391.32855,1. train,68
1970-08-01,0.0402476780185758,346.9999999999999,0.04419202,361.01425,1. train,68
1970-09-01,0.1153954404728398,613.9999999999999,0.040097628,346.4669,1. train,68
1970-10-01,0.0909090909090909,527.0,0.14034794,702.65625,1. train,68
1970-11-01,0.1753447790599493,826.9999999999999,0.19464104,895.55963,1. train,68
1970-12-01,0.0987897551365043,554.9999999999998,0.3736151,1531.4543,1. train,68
1971-01-01,0.1148325358851674,611.9999999999998,0.24930313,1089.774,1. train,68
1971-02-01,0.0430622009569377,356.99999999999966,0.216499,973.22095,1. train,68
1971-03-01,0.0768364762172811,476.9999999999997,0.041903626,352.8836,1. train,68
1971-04-01,0.0554461018857303,400.9999999999998,0.048096232,374.88593,1. train,68
1971-05-01,0.0298339431466366,309.99999999999983,0.030612553,312.7664,1. train,68
1971-06-01,0.0453138193076273,364.9999999999998,0.037378468,336.8057,1. train,68
1971-07-01,0.0295524908528004,308.99999999999983,0.04099433,349.65286,1. train,68
1971-08-01,0.0039403321137067,217.99999999999991,0.069677696,451.56488,1. train,68
1971-09-01,0.0078806642274134,231.9999999999998,0.07832963,482.30518,1. train,68
1971-10-01,0.0748663101604278,469.99999999999994,0.07970913,487.20654,1. train,68
1971-11-01,0.092597804672108,532.9999999999998,0.15768188,764.2438,1. train,68
1971-12-01,0.3777089783281733,1545.9999999999998,0.19084543,882.07385,1. train,68
1972-01-01,0.3138193076273571,1319.0,0.33208022,1383.881,1. train,68
1972-02-01,0.4424430059104981,1776.0,0.31187886,1312.1056,1. train,68
1972-03-01,0.3993808049535603,1623.0,0.28552955,1218.4865,1. train,68
1972-04-01,0.193639178159302,892.0,0.22351271,998.1406,1. train,68
1972-05-01,0.1103292991837883,595.9999999999999,0.1462355,723.57477,1. train,68
1972-06-01,0.0745848578665916,469.0,0.10124251,563.71466,1. train,68
1972-07-01,0.1165212496481846,617.9999999999999,0.032067012,317.9341,1. train,68
1972-08-01,0.0669856459330143,441.99999999999983,0.06713104,442.5166,1. train,68
1972-09-01,0.050661412890515,383.99999999999983,0.062486008,426.0128,1. train,68
1972-10-01,0.1379116239797354,693.9999999999998,0.07854831,483.08218,1. train,68
1972-11-01,0.2611877286799887,1132.0,0.2091825,947.2254,1. train,68
1972-12-01,0.3056571911061075,1290.0,0.44387898,1781.102,1. train,68
1973-01-01,0.3892485223754573,1587.0,0.43883827,1763.1924,1. train,68
1973-02-01,0.3444976076555023,1427.9999999999998,0.36027735,1484.0654,1. train,68
1973-03-01,0.2015198423867154,919.9999999999999,0.24751772,1083.4305,1. train,68
1973-04-01,0.2614691809738249,1133.0,0.1556617,757.06604,1. train,68
1973-05-01,0.1289051505769772,662.0,0.15571296,757.24817,1. train,68
1973-06-01,0.083872783563186,501.9999999999999,0.096076086,545.35834,1. train,68
1973-07-01,0.0658598367576695,437.9999999999998,0.07311144,463.76492,1. train,68
1973-08-01,0.0495356037151702,379.9999999999998,0.04638729,368.81406,1. train,68
1973-09-01,0.0363073459048691,332.99999999999994,0.050940674,384.99222,1. train,68
1973-10-01,0.0793695468618069,485.99999999999994,0.06681481,441.393,1. train,68
1973-11-01,0.1505769772023642,739.0,0.16522893,791.0584,1. train,68
1973-12-01,0.3391500140726146,1408.9999999999998,0.26480472,1144.8512,1. train,68
1974-01-01,0.4576414297776526,1829.9999999999998,0.49326614,1956.5747,1. train,68
1974-02-01,0.2420489726991274,1063.9999999999998,0.4410815,1771.1625,1. train,68
1974-03-01,0.3771460737405009,1543.9999999999998,0.2789522,1195.1172,1. train,68
1974-04-01,0.257247396566282,1118.0,0.20156059,920.1447,1. train,68
1974-05-01,0.1320011258091753,672.9999999999999,0.1353737,684.9828,1. train,68
1974-06-01,0.128623698283141,660.9999999999999,0.11612302,616.58514,1. train,68
1974-07-01,0.0866873065015479,511.9999999999997,0.081431665,493.3267,1. train,68
1974-08-01,0.0565719110610751,404.99999999999983,0.07155579,458.23776,1. train,68
1974-09-01,0.0309597523219814,313.99999999999994,0.06084491,420.18198,1. train,68
1974-10-01,0.0582606248240923,410.99999999999994,0.046909597,370.6698,1. train,68
1974-11-01,0.053475935828877,393.99999999999994,0.08484495,505.45413,1. train,68
1974-12-01,0.2507739938080495,1095.0,0.20625685,936.8306,1. train,68
1975-01-01,0.3535040810582606,1460.0,0.41702262,1685.6813,1. train,68
1975-02-01,0.3802420489726991,1555.0,0.43496245,1749.4215,1. train,68
1975-03-01,0.1877286799887419,871.0,0.36953562,1516.9601,1. train,68
1975-04-01,0.1407261469180973,703.9999999999997,0.16419643,787.38995,1. train,68
1975-05-01,0.083872783563186,501.9999999999999,0.11031555,595.9512,1. train,68
1975-06-01,0.0495356037151702,379.9999999999998,0.05624724,403.84644,1. train,68
1975-07-01,0.0591049817056008,413.99999999999966,0.022808863,285.0399,1. train,68
1975-08-01,0.0160427807486631,261.0,0.03058118,312.65494,1. train,68
1975-09-01,0.0104137348719392,241.0,0.03979856,345.4043,1. train,68
1975-10-01,0.070925978046721,455.9999999999998,0.055865854,402.49136,1. train,68
1975-11-01,0.2203771460737405,987.0,0.13359365,678.65826,1. train,68
1975-12-01,0.2792006754855052,1196.0,0.3598154,1482.4241,1. train,68
1976-01-01,0.2122150295524908,957.9999999999998,0.4136168,1673.5804,1. train,68
1976-02-01,0.2642837039121868,1142.9999999999998,0.2675204,1154.5,1. train,68
1976-03-01,0.2989023360540388,1266.0,0.21314335,961.2983,1. train,68
1976-04-01,0.2133408387278356,962.0,0.15099376,740.4809,1. train,68
1976-05-01,0.1607092597804672,775.0,0.12443912,646.1322,1. train,68
1976-06-01,0.1545173093160709,753.0,0.11380914,608.3639,1. train,68
1976-07-01,0.1632423304249929,783.9999999999998,0.10690281,583.8257,1. train,68
1976-08-01,0.1519842386715451,743.9999999999997,0.10936342,592.56824,1. train,68
1976-09-01,0.2431747818744722,1067.9999999999998,0.09380926,537.3043,1. train,68
1976-10-01,0.2006754855052069,917.0000000000001,0.21074471,952.77594,1. train,68
1976-11-01,0.3290177314945116,1372.9999999999998,0.260308,1128.8743,1. train,68
1976-12-01,0.4815648747537291,1914.9999999999995,0.3770209,1543.5552,1. train,68
1977-01-01,0.5015479876160991,1986.0,0.41348603,1673.1158,1. train,68
1977-02-01,0.3974106388967069,1615.9999999999998,0.40144145,1630.3214,1. train,68
1977-03-01,0.2783563186039965,1192.9999999999998,0.2802815,1199.8402,1. train,68
1977-04-01,0.2772305094286518,1189.0,0.22290707,995.9888,1. train,68
1977-05-01,0.1390374331550802,697.9999999999999,0.18944567,877.1005,1. train,68
1977-06-01,0.1103292991837883,595.9999999999999,0.11640602,617.59064,1. train,68
1977-07-01,0.0740219532789192,466.9999999999999,0.08522148,506.7919,1. train,68
1977-08-01,0.0447509147199549,362.9999999999998,0.06554954,436.8975,1. train,68
1977-09-01,0.1066704193639178,583.0,0.06222635,425.09024,1. train,68
1977-10-01,0.060793695468618,419.9999999999998,0.13175915,672.1403,1. train,68
1977-11-01,0.1767520405291303,831.9999999999999,0.16566701,792.6149,1. train,68
1977-12-01,0.3504081058260624,1448.9999999999998,0.35942927,1481.0521,1. train,68
1978-01-01,0.4826906839290739,1918.9999999999995,0.49378306,1958.4111,1. train,68
1978-02-01,0.2994652406417112,1268.0,0.46271935,1848.042,1. train,68
1978-03-01,0.2870813397129186,1224.0,0.29990673,1269.5686,1. train,68
1978-04-01,0.1553616661975795,755.9999999999999,0.18843895,873.5236,1. train,68
1978-05-01,0.1415705037996059,706.9999999999998,0.10896489,591.1523,1. train,68
1978-06-01,0.1393188854489164,699.0,0.08686057,512.6156,1. train,68
1978-07-01,0.0819026175063326,494.9999999999997,0.073550224,465.32397,1. train,68
1978-08-01,0.0472839853644807,371.99999999999994,0.08015062,488.77518,1. train,68
1978-09-01,0.0422178440754292,353.99999999999994,0.062061474,424.50443,1. train,68
1978-10-01,0.0816211652124964,493.9999999999997,0.07519545,471.16943,1. train,68
1978-11-01,0.193639178159302,892.0,0.1378108,693.6418,1. train,68
1978-12-01,0.2521812552772304,1099.9999999999998,0.3520632,1454.8805,1. train,68
1979-01-01,0.332395159020546,1385.0,0.38353735,1566.7081,1. train,68
1979-02-01,0.6217281170841542,2413.0,0.40987295,1660.2786,1. train,68
1979-03-01,0.3428088938924852,1422.0,0.43905056,1763.9467,1. train,68
1979-04-01,0.2136222910216718,963.0,0.25910142,1124.5873,1. train,68
1979-05-01,0.1699971854770616,807.9999999999999,0.18120752,847.8304,1. train,68
1979-06-01,0.1232761047002533,642.0,0.114061296,609.2598,1. train,68
1979-07-01,0.1052631578947368,577.9999999999999,0.08401793,502.51575,1. train,68
1979-08-01,0.0979453982549957,551.9999999999998,0.070878685,455.832,1. train,68
1979-09-01,0.148888263439347,732.9999999999999,0.07367006,465.74976,1. train,68
1979-10-01,0.0909090909090909,527.0,0.15630904,759.366,1. train,68
1979-11-01,0.2088376020264565,945.9999999999999,0.19525093,897.7265,1. train,68
1979-12-01,0.4072614691809738,1651.0,0.34431788,1427.3615,1. train,68
1980-01-01,0.6996904024767802,2690.0,0.4869699,1934.204,1. train,68
1980-02-01,0.485505206867436,1929.0000000000002,0.5122929,2024.1768,1. train,68
1980-03-01,0.2580917534477905,1120.9999999999998,0.3846336,1570.6031,1. train,68
1980-04-01,0.4235857022234731,1709.0,0.24190998,1063.5061,1. train,68
1980-05-01,0.2001125809175344,914.9999999999997,0.24198787,1063.783,1. train,68
1980-06-01,0.1632423304249929,783.9999999999998,0.14898813,733.35486,1. train,68
1980-07-01,0.1322825781030115,673.9999999999999,0.13359345,678.6576,1. train,68
1980-08-01,0.0796509991556431,486.99999999999994,0.10433675,574.7085,1. train,68
1980-09-01,0.0810582606248241,492.00000000000006,0.09634982,546.33093,1. train,68
1980-10-01,0.0717703349282296,458.9999999999998,0.09847093,553.86725,1. train,68
1980-11-01,0.1745004221784407,823.9999999999998,0.11358003,607.54987,1. train,68
1980-12-01,0.4385026737967914,1762.0,0.25417483,1107.0831,1. train,68
1981-01-01,0.7061638052350127,2713.0,0.6090434,2367.9312,1. train,68
1981-02-01,0.3076273571629608,1296.9999999999998,0.5872751,2290.5884,1. train,68
1981-03-01,0.284829721362229,1215.9999999999998,0.39906564,1621.8802,1. train,68
1981-04-01,0.2006754855052069,917.0000000000001,0.21352088,962.63965,1. train,68
1981-05-01,0.1390374331550802,697.9999999999999,0.121079236,634.1946,1. train,68
1981-06-01,0.1407261469180973,703.9999999999997,0.11430828,610.1373,1. train,68
1981-07-01,0.0844356881508584,503.99999999999994,0.08187818,494.91318,1. train,68
1981-08-01,0.0745848578665916,469.0,0.08865641,518.9963,1. train,68
1981-09-01,0.0424992963692654,355.0,0.086824924,512.48895,1. train,68
1981-10-01,0.1730931607092597,818.9999999999998,0.10019833,560.0047,1. train,68
1981-11-01,0.3155080213903743,1325.0,0.24688569,1081.1848,1. train,68
1981-12-01,0.5992119335772587,2333.0,0.4664094,1861.1525,1. train,68
1982-01-01,0.622853926259499,2417.0,0.54986036,2157.6538,1. train,68
1982-02-01,0.4548269068392906,1819.9999999999995,0.5264418,2074.4478,1. train,68
1982-03-01,0.7433155080213903,2845.0,0.3344101,1392.159,1. train,68
1982-04-01,0.4072614691809738,1651.0,0.35955504,1481.499,1. train,68
1982-05-01,0.2412046158176189,1061.0,0.2523027,1100.4315,1. train,68
1982-06-01,0.2105263157894737,952.0000000000001,0.22157772,991.2657,1. train,68
1982-07-01,0.1564874753729243,760.0,0.16547142,791.92,1. train,68
1982-08-01,0.1190543202927103,626.9999999999998,0.14846416,731.49316,1. train,68
1982-09-01,0.0799324514494793,487.99999999999994,0.11651936,617.99335,1. train,68
1982-10-01,0.15902054601745,768.9999999999999,0.11094907,598.2021,1. train,68
1982-11-01,0.1671826625386996,797.9999999999997,0.19423269,894.10876,1. train,68
1982-12-01,0.526034337179848,2073.0,0.38600123,1575.4623,1. train,68
1983-01-01,0.9293554742471152,3506.0,0.665484,2568.4646,1. train,68
1983-02-01,0.8516746411483254,3230.0,0.73643816,2820.5647,1. train,68
1983-03-01,0.7998874190824655,3046.0,0.65426874,2528.6167,1. train,68
1983-04-01,0.5975232198142415,2327.0,0.5061726,2002.4312,1. train,68
1983-05-01,0.3850267379679144,1572.0,0.39647862,1612.6885,1. train,68
1983-06-01,0.5907683647621729,2303.0,0.3447602,1428.933,1. train,68
1983-07-01,0.310723332395159,1308.0,0.37294194,1529.0627,1. train,68
1983-08-01,0.2018012946805516,920.9999999999999,0.27292135,1173.6896,1. train,68
1983-09-01,0.4742471151139881,1888.9999999999995,0.25997105,1127.6771,1. train,68
1983-10-01,0.455389811426963,1821.9999999999995,0.3942059,1604.6135,1. train,68
1983-11-01,0.5023923444976077,1989.0000000000002,0.49618173,1966.9336,1. train,68
1983-12-01,0.8215592457078525,3123.0,0.6609763,2552.4487,1. train,68
1984-01-01,0.5595271601463552,2192.0,0.7373862,2823.9333,1. train,68
1984-02-01,0.3126934984520123,1314.9999999999998,0.54673713,2146.5571,1. train,68
1984-03-01,0.2223473121305938,993.9999999999998,0.3288974,1372.5724,1. train,68
1984-04-01,0.1998311286236982,913.9999999999997,0.18455182,859.71265,1. train,68
1984-05-01,0.1849141570503799,860.9999999999998,0.14488976,718.79333,1. train,68
1984-06-01,0.1049817056009006,576.9999999999999,0.13203143,673.10767,1. train,68
1984-07-01,0.073740500985083,465.9999999999999,0.09347822,536.1281,1. train,68
1984-08-01,0.0782437376864621,481.9999999999999,0.10730782,585.2647,1. train,68
1984-09-01,0.0965381367858148,547.0,0.1827085,853.1633,1. train,68
1984-10-01,0.0619195046439628,423.9999999999999,0.18796614,871.8437,1. train,68
1984-11-01,0.1201801294680551,630.9999999999999,0.17529546,826.82477,1. train,68
1984-12-01,0.3157894736842105,1326.0,0.33672968,1400.4005,1. train,68
1985-01-01,0.6726709822685055,2594.0,0.43252027,1740.7445,1. train,68
1985-02-01,0.5645933014354068,2210.0,0.52033436,2052.748,1. train,68
1985-03-01,0.6276386152547143,2434.0,0.47361645,1886.7593,1. train,68
1985-04-01,0.3205741626794258,1343.0,0.38247246,1562.9246,1. train,68
1985-05-01,0.1905432029271038,880.9999999999998,0.2322058,1029.0272,1. train,68
1985-06-01,0.1339712918660287,680.0,0.16910605,804.8338,1. train,68
1985-07-01,0.1016042780748663,565.0,0.10934706,592.51013,1. train,68
1985-08-01,0.0765550239234449,475.9999999999997,0.06703767,442.18484,1. train,68
1985-09-01,0.0841542358570222,502.9999999999999,0.08400698,502.47684,1. train,68
1985-10-01,0.0748663101604278,469.99999999999994,0.109689,593.72504,1. train,68
1985-11-01,0.1562060230790881,759.0,0.13396922,679.9927,1. train,68
1985-12-01,0.234168308471714,1036.0,0.30950367,1303.6665,1. train,68
1986-01-01,0.4255558682803264,1715.9999999999998,0.41419482,1675.6342,1. train,68
1986-02-01,0.3760202645651562,1540.0,0.50325465,1992.0637,1. train,68
1986-03-01,0.3267661131438221,1365.0,0.32736054,1367.1119,1. train,68
1986-04-01,0.1694342808893892,805.9999999999998,0.23375897,1034.5457,1. train,68
1986-05-01,0.1770334928229665,832.9999999999999,0.13220431,673.7219,1. train,68
1986-06-01,0.0987897551365043,554.9999999999998,0.11452536,610.9086,1. train,68
1986-07-01,0.1016042780748663,565.0,0.06931868,450.2893,1. train,68
1986-08-01,0.1086405854207711,589.9999999999997,0.06756443,444.0564,1. train,68
1986-09-01,0.0464396284829721,368.99999999999994,0.07076393,455.4243,1. train,68
1986-10-01,0.0253307064452575,293.9999999999999,0.087897636,516.3003,1. train,68
1986-11-01,0.039121868843231,342.9999999999998,0.07810124,481.4937,1. train,68
1986-12-01,0.4210526315789473,1699.9999999999998,0.13294491,676.3533,1. train,68
1987-01-01,0.490008443568815,1944.9999999999998,0.4872017,1935.0276,1. train,68
1987-02-01,0.4370954123276104,1756.9999999999998,0.46719387,1863.94,1. train,68
1987-03-01,0.2828595553053757,1209.0,0.3897236,1588.6879,1. train,68
1987-04-01,0.2893329580636082,1232.0,0.24558568,1076.5659,1. train,68
1987-05-01,0.1784407542921474,837.9999999999997,0.17835507,837.69556,1. train,68
1987-06-01,0.1404446946242611,702.9999999999997,0.1278534,658.2631,1. train,68
1987-07-01,0.0968195890796509,547.9999999999997,0.080741934,490.8761,1. train,68
1987-08-01,0.0647340275823248,434.0,0.08316566,499.4876,1. train,68
1987-09-01,0.1038558964255558,572.9999999999998,0.0881972,517.3647,1. train,68
1987-10-01,0.0717703349282296,458.9999999999998,0.08737227,514.4337,1. train,68
1987-11-01,0.1086405854207711,589.9999999999997,0.13513869,684.14777,1. train,68
1987-12-01,0.3211370672670982,1345.0,0.25122488,1096.6019,1. train,68
1988-01-01,0.309316070925978,1303.0,0.49752018,1971.6893,1. train,68
1988-02-01,0.4458204334365325,1788.0,0.3955701,1609.4606,1. train,68
1988-03-01,0.342527441598649,1421.0,0.38932297,1587.2645,1. train,68
1988-04-01,0.1798480157613284,842.9999999999998,0.2358628,1042.0206,1. train,68
1988-05-01,0.1432592175626231,712.9999999999999,0.1524347,745.6005,1. train,68
1988-06-01,0.1241204615817619,645.0,0.09852271,554.0512,1. train,68
1988-07-01,0.0650154798761609,434.9999999999997,0.06486955,434.4815,1. train,68
1988-08-01,0.050661412890515,383.99999999999983,0.057274103,407.49487,1. train,68
1988-09-01,0.0329299183788347,320.9999999999997,0.047910072,374.2245,1. train,68
1988-10-01,0.1010413734871939,563.0,0.04534327,365.10464,1. train,68
1988-11-01,0.1269349845201238,654.9999999999999,0.17714654,833.4017,1. train,68
1988-12-01,0.170560090064734,809.9999999999999,0.25652736,1115.4417,1. train,68
1989-01-01,0.4477905994933858,1794.9999999999998,0.34769621,1439.3646,1. train,68
1989-02-01,0.3872783563186039,1579.9999999999998,0.46374232,1851.6764,1. train,68
1989-03-01,0.3982549957782155,1618.9999999999998,0.3468559,1436.379,1. train,68
1989-04-01,0.1939206304531382,893.0,0.26691058,1152.3333,1. train,68
1989-05-01,0.1103292991837883,595.9999999999999,0.14725998,727.2147,1. train,68
1989-06-01,0.0982268505488319,552.9999999999998,0.09834571,553.42236,1. train,68
1989-07-01,0.0796509991556431,486.99999999999994,0.05902519,413.7165,1. train,68
1989-08-01,0.0765550239234449,475.9999999999997,0.03497354,328.261,1. train,68
1989-09-01,0.0796509991556431,486.99999999999994,0.05590874,402.64374,1. train,68
1989-10-01,0.0655783844638333,436.9999999999997,0.101939484,566.19104,1. train,68
1989-11-01,0.0866873065015479,511.9999999999997,0.13206242,673.21783,1. train,68
1989-12-01,0.2600619195046439,1128.0,0.21558869,969.9866,1. train,68
1990-01-01,0.3264846608499859,1364.0,0.40866828,1655.9984,1. train,68
1990-02-01,0.1224317478187447,639.0,0.36311078,1494.1326,1. train,68
1990-03-01,0.2482409231635237,1085.9999999999998,0.15790637,765.0414,1. train,68
1990-04-01,0.1460737405009851,723.0,0.16001645,772.53845,1. train,68
1990-05-01,0.1198986771742189,629.9999999999998,0.076585665,476.1089,1. train,68
1990-06-01,0.0630453138193076,427.99999999999994,0.07338603,464.74057,1. train,68
1990-07-01,0.0641711229946524,432.0,0.03460346,326.9461,1. train,68
1990-08-01,0.0565719110610751,404.99999999999983,0.054515965,397.69522,1. train,68
1990-09-01,0.0726146918097382,461.99999999999983,0.05402151,395.93845,1. train,68
1990-10-01,0.0672670982268505,442.99999999999983,0.08072452,490.81424,1. train,68
1990-11-01,0.050661412890515,383.99999999999983,0.11469151,611.49896,1. train,68
1990-12-01,0.1089220377146073,590.9999999999998,0.20946038,948.2127,1. train,68
1991-01-01,0.4846608499859273,1925.9999999999995,0.23123978,1025.595,1. train,68
1991-02-01,0.5001407261469181,1980.9999999999998,0.42564663,1716.3225,1. train,68
1991-03-01,0.4390655783844638,1764.0,0.41102254,1664.363,1. train,68
1991-04-01,0.4815648747537291,1914.9999999999995,0.3183788,1335.1998,1. train,68
1991-05-01,0.2330424992963692,1031.9999999999998,0.2888691,1230.3519,1. train,68
1991-06-01,0.1331269349845201,676.9999999999999,0.17591916,829.0408,1. train,68
1991-07-01,0.105544610188573,578.9999999999999,0.132708,675.51154,1. train,68
1991-08-01,0.062200956937799,424.9999999999999,0.050988697,385.16284,1. train,68
1991-09-01,0.0523501266535322,389.9999999999999,0.06284629,427.29285,1. train,68
1991-10-01,0.1300309597523219,665.9999999999997,0.07458885,469.01422,1. train,68
1991-11-01,0.0714888826343934,457.9999999999998,0.12654582,653.6173,1. train,68
1991-12-01,0.1702786377708978,808.9999999999999,0.18523343,862.1344,1. train,68
1992-01-01,0.7517590768364762,2875.0,0.41225865,1668.755,1. train,68
1992-02-01,0.6197579510273009,2406.0,0.61725926,2397.122,1. train,68
1992-03-01,0.3388685617787784,1407.9999999999998,0.5654027,2212.8757,1. train,68
1992-04-01,0.2386715451730931,1051.9999999999998,0.2627909,1137.696,1. train,68
1992-05-01,0.2248803827751196,1002.9999999999999,0.19739668,905.3504,1. train,68
1992-06-01,0.1153954404728398,613.9999999999999,0.15409915,751.5143,1. train,68
1992-07-01,0.1106107514776245,596.9999999999999,0.10908474,591.5781,1. train,68
1992-08-01,0.0686743596960315,447.9999999999999,0.050580014,383.71082,1. train,68
1992-09-01,0.1381930762735716,694.9999999999999,0.074553356,468.8881,1. train,68
1992-10-01,0.1666197579510273,796.0,0.16539006,791.6309,1. train,68
1992-11-01,0.307908809456797,1297.9999999999998,0.26559773,1147.6687,1. train,68
1992-12-01,0.2769490571348156,1188.0,0.41327834,1672.3779,1. train,68
1993-01-01,0.3087531663383056,1300.9999999999998,0.38999715,1589.6599,1. train,68
1993-02-01,0.4880382775119616,1937.9999999999995,0.33310485,1387.5215,1. train,68
1993-03-01,0.3681396003377427,1511.9999999999998,0.33473504,1393.3136,1. train,68
1993-04-01,0.2530256121587391,1103.0,0.2275635,1012.5331,1. train,68
1993-05-01,0.1443850267379679,717.0,0.19318281,890.37854,1. train,68
1993-06-01,0.1471995496763298,726.9999999999998,0.12939346,663.735,1. train,68
1993-07-01,0.083872783563186,501.9999999999999,0.105107605,577.4473,1. train,68
1993-08-01,0.0650154798761609,434.9999999999997,0.06247868,425.98676,1. train,68
1993-09-01,0.0712074303405572,456.9999999999998,0.04479663,363.1624,1. train,68
1993-10-01,0.1018857303687024,565.9999999999997,0.08572035,508.56442,1. train,68
1993-11-01,0.0655783844638333,436.9999999999997,0.18833502,873.15436,1. train,68
1993-12-01,0.1410075992119335,704.9999999999998,0.16418673,787.35547,1. train,68
1994-01-01,0.4849423022797636,1927.0000000000002,0.29601514,1255.7418,1. train,68
1994-02-01,0.1804109203490008,844.9999999999999,0.49428493,1960.1943,1. train,68
1994-03-01,0.2870813397129186,1224.0,0.25315088,1103.4451,1. train,68
1994-04-01,0.1607092597804672,775.0,0.19760269,906.08234,1. train,68
1994-05-01,0.1868843231072333,867.9999999999999,0.09539652,542.94385,1. train,68
1994-06-01,0.1010413734871939,563.0,0.10716821,584.7687,1. train,68
1994-07-01,0.0714888826343934,457.9999999999998,0.06487489,434.5005,1. train,68
1994-08-01,0.0416549394877568,351.99999999999994,0.04778138,373.76727,1. train,68
1994-09-01,0.0194202082746974,272.9999999999999,0.04654856,369.38702,1. train,68
1994-10-01,0.0287081339712918,305.9999999999998,0.054755174,398.54514,1. train,68
1994-11-01,0.0720517872220658,459.99999999999983,0.079334505,485.8755,1. train,68
1994-12-01,0.2414860681114551,1062.0,0.19535698,898.1034,1. train,68
1995-01-01,0.2026456515620602,923.9999999999999,0.37648,1541.6334,1. train,68
1995-02-01,0.7272727272727273,2788.0,0.38088217,1557.2743,1. train,68
1995-03-01,0.2783563186039965,1192.9999999999998,0.4653195,1857.2802,1. train,68
1995-04-01,0.2234731213059386,998.0,0.2721083,1170.8007,1. train,68
1995-05-01,0.1511398817900366,741.0,0.14562911,721.4202,1. train,68
1995-06-01,0.0923163523782718,531.9999999999997,0.08771769,515.66095,1. train,68
1995-07-01,0.075147762454264,470.99999999999994,0.069777235,451.91855,1. train,68
1995-08-01,0.0301153954404728,310.9999999999999,0.07617864,474.66272,1. train,68
1995-09-01,0.0194202082746974,272.9999999999999,0.029427834,308.5571,1. train,68
1995-10-01,0.1218688432310723,636.9999999999999,0.053851847,395.33563,1. train,68
1995-11-01,0.1162397973543484,616.9999999999999,0.20033066,915.77484,1. train,68
1995-12-01,0.2206585983675767,988.0,0.34869727,1442.9214,3. test,68
1996-01-01,0.4852237545735997,1927.9999999999995,0.4015331,1630.6471,3. test,68
1996-02-01,0.289051505769772,1231.0,0.45171142,1808.9307,3. test,68
1996-03-01,0.3453419645370109,1430.9999999999998,0.30768248,1297.1958,3. test,68
1996-04-01,0.1759076836476217,828.9999999999999,0.19942443,912.55505,3. test,68
1996-05-01,0.1294680551646496,664.0,0.11316502,606.0753,3. test,68
1996-06-01,0.0830284266816774,498.9999999999998,0.10382831,572.90204,3. test,68
1996-07-01,0.0669856459330143,441.99999999999983,0.04891631,377.79965,3. test,68
1996-08-01,0.052068674359696,388.9999999999999,0.038520813,340.86444,3. test,68
1996-09-01,0.1342527441598649,681.0,0.047985777,374.49347,3. test,68
1996-10-01,0.0883760202645651,517.9999999999999,0.15076748,739.6769,3. test,68
1996-11-01,0.3520968195890796,1455.0,0.1839709,857.6486,3. test,68
1996-12-01,0.4311849141570503,1735.9999999999998,0.52309805,2062.5674,3. test,68
1997-01-01,0.9617224880382774,3620.9999999999995,0.4474451,1793.7723,3. test,68
1997-02-01,0.4559527160146354,1823.9999999999995,0.5766514,2252.8423,3. test,68
1997-03-01,0.364199268224036,1498.0,0.33724657,1402.237,3. test,68
1997-04-01,0.2426118772867998,1065.9999999999998,0.24720813,1082.3306,3. test,68
1997-05-01,0.1578947368421052,764.9999999999998,0.18314046,854.69806,3. test,68
1997-06-01,0.1854770616380523,862.9999999999999,0.12561248,650.30115,3. test,68
1997-07-01,0.1052631578947368,577.9999999999999,0.14144216,706.54407,3. test,68
1997-08-01,0.0655783844638333,436.9999999999997,0.11642887,617.6718,3. test,68
1997-09-01,0.0565719110610751,404.99999999999983,0.10230403,567.4862,3. test,68
1997-10-01,0.083872783563186,501.9999999999999,0.14953579,735.30066,3. test,68
1997-11-01,0.1438221221502955,714.9999999999999,0.201616,920.3417,3. test,68
1997-12-01,0.276104700253307,1185.0,0.26113784,1131.8228,3. test,68
1998-01-01,0.2777934140163242,1191.0,0.4376593,1759.0034,3. test,68
1998-02-01,0.2938361947649873,1248.0,0.39521813,1608.21,3. test,68
1998-03-01,0.2141851956093442,965.0,0.3164592,1328.3795,3. test,68
1998-04-01,0.1328454826906839,676.0,0.16034196,773.695,3. test,68
1998-05-01,0.1032929918378834,570.9999999999998,0.09877013,554.9303,3. test,68
1998-06-01,0.0869687587953841,512.9999999999997,0.05789691,409.70773,3. test,68
1998-07-01,0.0444694624261187,361.9999999999998,0.04491178,363.57156,3. test,68
1998-08-01,0.0439065578384463,359.99999999999966,0.037285563,336.47562,3. test,68
1998-09-01,0.0157613284548269,260.0,0.049057916,378.30276,3. test,68
1998-10-01,0.0835913312693498,500.9999999999999,0.043538794,358.69333,3. test,68
1998-11-01,0.0903461863214185,524.9999999999999,0.16797717,800.82294,3. test,68
1998-12-01,0.226850548831973,1010.0000000000001,0.21132164,954.8258,3. test,68
1999-01-01,0.4157050379960596,1681.0,0.37793,1546.7852,3. test,68
1999-02-01,0.3394314663664508,1409.9999999999998,0.41259333,1669.9441,3. test,68
1999-03-01,0.3774275260343371,1544.9999999999998,0.30835527,1299.5863,3. test,68
1999-04-01,0.1547987616099071,753.9999999999999,0.23661849,1044.7054,3. test,68
1999-05-01,0.0920349000844356,530.9999999999997,0.1237483,643.67773,3. test,68
1999-06-01,0.083872783563186,501.9999999999999,0.08537908,507.3519,3. test,68
1999-07-01,0.0551646495918941,399.9999999999997,0.03591331,331.6,3. test,68
1999-08-01,0.0208274697438784,277.99999999999994,0.026581412,298.44376,3. test,68
1999-09-01,0.0242048972699127,289.99999999999983,0.042710863,355.7517,3. test,68
1999-10-01,0.0016887137630171,209.99999999999977,0.051908143,388.42963,3. test,68
1999-11-01,0.0368702504925415,334.99999999999994,0.07540381,471.90976,3. test,68
1999-12-01,0.1666197579510273,796.0,0.17937835,841.3313,3. test,68
2000-01-01,0.5752884886011821,2248.0,0.31311384,1316.4934,3. test,68
2000-02-01,0.4539825499577821,1816.9999999999998,0.5074041,2006.8066,3. test,68
2000-03-01,0.3298620883760202,1376.0,0.41286287,1670.9017,3. test,68
2000-04-01,0.1708415423585702,810.9999999999999,0.23386396,1034.9187,3. test,68
2000-05-01,0.0945679707289614,539.9999999999999,0.13773263,693.364,3. test,68
2000-06-01,0.0813397129186603,493.0,0.092123955,531.31647,3. test,68
2000-07-01,0.0605122431747818,418.9999999999998,0.056246214,403.8428,3. test,68
2000-08-01,0.0495356037151702,379.9999999999998,0.0210524,278.79916,3. test,68
2000-09-01,0.0996341120180129,557.9999999999998,0.058456507,411.69598,3. test,68
2000-10-01,0.027582324795947,301.9999999999997,0.1266483,653.98145,3. test,68
2000-11-01,0.1404446946242611,702.9999999999997,0.1556736,757.1083,3. test,68
2000-12-01,0.2276949057134815,1012.9999999999999,0.2608483,1130.7941,3. test,68
2001-01-01,0.1947649873346467,895.9999999999998,0.35280603,1457.5198,3. test,68
2001-02-01,0.1432592175626231,712.9999999999999,0.27965733,1197.6224,3. test,68
2001-03-01,0.1193357725865465,627.9999999999998,0.1392356,698.7041,3. test,68
2001-04-01,0.0816211652124964,493.9999999999997,0.081745714,494.44254,3. test,68
2001-05-01,0.0478468899521531,374.0,0.05053886,383.56458,3. test,68
2001-06-01,0.0253307064452575,293.9999999999999,0.024075506,289.54028,3. test,68
2001-07-01,0.0129468055164649,249.9999999999998,0.023045663,285.88126,3. test,68
2001-08-01,0.0036588798198705,216.99999999999991,0.03077212,313.33334,3. test,68
2001-09-01,0.0191387559808612,271.99999999999983,0.039122455,343.00208,3. test,68
2001-10-01,0.0551646495918941,399.9999999999997,0.054702125,398.35666,3. test,68
2001-11-01,0.1021671826625387,567.0,0.15652509,760.13367,3. test,68
2001-12-01,0.2321981424148606,1028.9999999999998,0.25121343,1096.5613,2. validation,68
2002-01-01,0.2915845764142977,1239.9999999999998,0.31349233,1317.8383,2. validation,68
2002-02-01,0.5004221784407543,1982.0,0.30240503,1278.4451,2. validation,68
2002-03-01,0.2654095130875316,1146.9999999999998,0.32628325,1363.2843,2. validation,68
2002-04-01,0.1229946524064171,641.0,0.16933203,805.6367,2. validation,68
2002-05-01,0.0866873065015479,511.9999999999997,0.10981378,594.1684,2. validation,68
2002-06-01,0.060793695468618,419.9999999999998,0.0525812,390.82098,2. validation,68
2002-07-01,0.0498170560090064,380.9999999999998,0.024129871,289.73346,2. validation,68
2002-08-01,0.0292710385589642,307.99999999999983,0.041964993,353.10162,2. validation,68
2002-09-01,0.0422178440754292,353.99999999999994,0.035466213,330.01147,2. validation,68
2002-10-01,0.0050661412890515,222.0,0.07595849,473.88055,2. validation,68
2002-11-01,0.0971010413734871,548.9999999999997,0.108291015,588.758,2. validation,68
2002-12-01,0.2234731213059386,998.0,0.2498544,1091.7327,2. validation,68
2003-01-01,0.4722769490571347,1881.9999999999995,0.35135704,1452.3716,3. test,68
2003-02-01,0.3354911342527441,1396.0,0.42689243,1720.7488,3. test,68
2003-03-01,0.244300591049817,1072.0,0.30687642,1294.3319,3. test,68
2003-04-01,0.1446664790318041,718.0,0.17254935,817.0679,3. test,68
2003-05-01,0.0920349000844356,530.9999999999997,0.10553931,578.9812,3. test,68
2003-06-01,0.053475935828877,393.99999999999994,0.06280328,427.14008,3. test,68
2003-07-01,0.0509428651843512,384.99999999999983,0.033570986,323.27774,3. test,68
2003-08-01,0.018857303687025,270.99999999999983,0.030431982,312.12485,3. test,68
2003-09-01,0.0160427807486631,261.0,0.04351119,358.59525,3. test,68
2003-10-01,0.027582324795947,301.9999999999997,0.066748776,441.1584,3. test,68
2003-11-01,0.0644525752884886,433.0,0.1069888,584.1312,3. test,68
2003-12-01,0.2003940332113707,916.0000000000001,0.18492685,861.0451,3. test,68
2004-01-01,0.294962003940332,1251.9999999999998,0.3695041,1516.848,3. test,68
2004-02-01,0.3968477343090346,1614.0,0.36603737,1504.5308,3. test,68
2004-03-01,0.3157894736842105,1326.0,0.33031833,1377.621,3. test,68
2004-04-01,0.2375457359977484,1048.0,0.23758563,1048.1417,3. test,68
2004-05-01,0.1567689276667604,760.9999999999997,0.15072992,739.54346,3. test,68
2004-06-01,0.137348719392063,691.9999999999999,0.112298205,602.99554,3. test,68
2004-07-01,0.1013228257810301,564.0,0.07726771,478.5322,3. test,68
2004-08-01,0.0512243174781874,385.99999999999983,0.06583839,437.9238,3. test,68
2004-09-01,0.0253307064452575,293.9999999999999,0.050428096,383.17105,3. test,68
2004-10-01,0.0785251899802983,482.9999999999999,0.042415217,354.70126,3. test,68
2004-11-01,0.0889389248522375,519.9999999999999,0.09544335,543.1102,3. test,68
2004-12-01,0.3720799324514494,1525.9999999999998,0.15923609,769.76587,3. test,68
2005-01-01,0.5727554179566564,2239.0,0.51159513,2021.6975,3. test,68
2005-02-01,0.4247115113988178,1712.9999999999998,0.53564376,2107.1423,3. test,68
2005-03-01,0.3763017168589924,1541.0,0.41497046,1678.39,3. test,68
2005-04-01,0.1885730368702504,873.9999999999997,0.25669968,1116.054,3. test,68
2005-05-01,0.2099634112018013,950.0000000000001,0.14320089,712.7928,3. test,68
2005-06-01,0.1328454826906839,676.0,0.14830895,730.9417,3. test,68
2005-07-01,0.1004784688995215,560.9999999999999,0.07716797,478.17783,3. test,68
2005-08-01,0.0596678862932732,415.9999999999997,0.08104655,491.95844,3. test,68
2005-09-01,0.0768364762172811,476.9999999999997,0.07200698,459.8408,3. test,68
2005-10-01,0.0529130312412046,392.0,0.096139416,545.5834,3. test,68
2005-11-01,0.1455108359133126,720.9999999999997,0.124095574,644.9116,3. test,68
2005-12-01,0.3231072333239516,1352.0,0.30395088,1283.9374,3. test,68
2006-01-01,0.2561215873909372,1114.0,0.44026983,1768.2787,3. test,68
2006-02-01,0.2693498452012383,1160.9999999999998,0.39158946,1595.3174,3. test,68
2006-03-01,0.3301435406698564,1377.0,0.26992077,1163.0284,3. test,68
2006-04-01,0.1320011258091753,672.9999999999999,0.23287965,1031.4214,3. test,68
2006-05-01,0.0819026175063326,494.9999999999997,0.09834674,553.42596,3. test,68
2006-06-01,0.062200956937799,424.9999999999999,0.06280351,427.14087,3. test,68
2006-07-01,0.0444694624261187,361.9999999999998,0.02411265,289.67224,3. test,68
2006-08-01,0.0222347312130593,282.99999999999966,0.037930198,338.766,3. test,68
2006-09-01,0.0340557275541795,324.99999999999983,0.037856758,338.50507,3. test,68
2006-10-01,0.0754292147481001,471.99999999999966,0.051131047,385.6686,3. test,68
2006-11-01,0.1314382212215029,670.9999999999998,0.15543595,756.264,3. test,68
2006-12-01,0.2994652406417112,1268.0,0.31444073,1321.2079,3. test,68
2007-01-01,0.8893892485223754,3364.0,0.42788595,1724.2788,3. test,68
2007-02-01,0.5465803546298903,2146.0,0.5460069,2143.9626,3. test,68
2007-03-01,0.2094005066141289,948.0000000000001,0.4414065,1772.3173,3. test,68
2007-04-01,0.1525471432592175,745.9999999999998,0.21231234,958.3457,3. test,68
2007-05-01,0.1117365606529693,600.9999999999999,0.12468976,647.0227,3. test,68
2007-06-01,0.0909090909090909,527.0,0.110223174,595.623,3. test,68
2007-07-01,0.0728961441035744,462.99999999999983,0.07828358,482.14157,3. test,68
2007-08-01,0.0422178440754292,353.99999999999994,0.05036737,382.95526,3. test,68
2007-09-01,0.0104137348719392,241.0,0.07844344,482.70956,3. test,68
2007-10-01,0.0253307064452575,293.9999999999999,0.115179434,613.23254,3. test,68
2007-11-01,0.1246833661694342,646.9999999999998,0.20516175,932.9397,3. test,68
2007-12-01,0.1902617506332676,879.9999999999999,0.19526291,897.7691,3. test,68
2008-01-01,0.2499296369265409,1092.0,0.33854604,1406.854,3. test,68
2008-02-01,0.4314663664508865,1736.9999999999998,0.33094153,1379.8352,3. test,68
2008-03-01,0.4373768646214466,1757.9999999999998,0.37888852,1550.1909,3. test,68
2008-04-01,0.3501266535322263,1448.0,0.3241227,1355.6079,3. test,68
2008-05-01,0.1595834506051224,770.9999999999999,0.19426319,894.2171,3. test,68
2008-06-01,0.1182099634112018,624.0,0.14618443,723.3933,3. test,68
2008-07-01,0.0720517872220658,459.99999999999983,0.084680915,504.8713,3. test,68
2008-08-01,0.0644525752884886,433.0,0.044930212,363.63705,3. test,68
2008-09-01,0.0602307908809456,417.9999999999997,0.037698917,337.94424,3. test,68
2008-10-01,0.0768364762172811,476.9999999999997,0.04419821,361.03625,3. test,68
2008-11-01,0.1863214185195609,865.9999999999999,0.11569551,615.06616,3. test,68
2008-12-01,0.3810864058542076,1557.9999999999998,0.28556183,1218.6012,3. test,68
2009-01-01,0.5133689839572193,2028.0000000000002,0.548655,2153.371,3. test,68
2009-02-01,0.6419926822403603,2485.0,0.52446145,2067.4114,3. test,68
2009-03-01,0.3982549957782155,1618.9999999999998,0.48682308,1933.6824,3. test,68
2009-04-01,0.4050098508302842,1642.9999999999998,0.2673597,1153.929,3. test,68
2009-05-01,0.1798480157613284,842.9999999999998,0.25153184,1097.6926,3. test,68
2009-06-01,0.1384745285674078,695.9999999999999,0.1647935,789.51135,3. test,68
2009-07-01,0.1198986771742189,629.9999999999998,0.10757749,586.22284,3. test,68
2009-08-01,0.0903461863214185,524.9999999999999,0.08949961,521.9921,3. test,68
2009-09-01,0.1410075992119335,704.9999999999998,0.09458169,540.04877,3. test,68
2009-10-01,0.1756262313537855,827.9999999999999,0.1312227,670.23425,3. test,68
2009-11-01,0.1277793414016324,658.0,0.25140983,1097.259,3. test,68
2009-12-01,0.4528567407824374,1813.0,0.2635157,1140.2712,3. test,68
2010-01-01,0.452293836194765,1811.0000000000002,0.6372487,2468.1445,3. test,68
2010-02-01,0.2313537855333521,1026.0,0.39955834,1623.6307,3. test,68
2010-03-01,0.2994652406417112,1268.0,0.2721015,1170.7766,3. test,68
2010-04-01,0.1697157331832254,806.9999999999998,0.1854563,862.9263,3. test,68
2010-05-01,0.105544610188573,578.9999999999999,0.11300437,605.5046,3. test,68
2010-06-01,0.0771179285111173,477.99999999999983,0.09473331,540.58746,3. test,68
2010-07-01,0.0624824092316352,425.99999999999983,0.038517926,340.85422,3. test,68
2010-08-01,0.0273008725021108,300.99999999999966,0.049983323,381.59076,3. test,68
2010-09-01,0.0225161835068955,283.9999999999997,0.059675805,416.02814,3. test,68
2010-10-01,0.0706445257528848,454.99999999999966,0.0542889,396.88846,3. test,68
2010-11-01,0.1849141570503799,860.9999999999998,0.12703337,655.3496,3. test,68
2010-12-01,0.3681396003377427,1511.9999999999998,0.3917833,1596.006,3. test,68
2011-01-01,0.7754010695187166,2959.0,0.44793952,1795.529,3. test,68
2011-02-01,0.2485223754573599,1086.9999999999998,0.5452014,2141.1006,3. test,68
2011-03-01,0.4860681114551083,1930.9999999999998,0.26576158,1148.2509,3. test,68
2011-04-01,0.2417675204052913,1063.0,0.23143008,1026.2711,3. test,68
2011-05-01,0.1390374331550802,697.9999999999999,0.12432566,645.7291,3. test,68
2011-06-01,0.1193357725865465,627.9999999999998,0.115989745,616.1116,3. test,68
2011-07-01,0.0799324514494793,487.99999999999994,0.085087374,506.31546,3. test,68
2011-08-01,0.0517872220658598,387.9999999999999,0.07318449,464.0245,3. test,68
2011-09-01,0.0264565156206023,298.0,0.06844697,447.19208,3. test,68
2011-10-01,0.0717703349282296,458.9999999999998,0.07873009,483.72803,3. test,68
2011-11-01,0.0875316633830565,514.9999999999998,0.15911083,769.3208,3. test,68
2011-12-01,0.4064171122994652,1648.0,0.26997426,1163.2185,3. test,68
2012-01-01,0.6822403602589361,2628.0,0.49897453,1976.8566,3. test,68
2012-02-01,0.2873627920067548,1225.0,0.5822024,2272.565,3. test,68
2012-03-01,0.1987053194483534,909.9999999999998,0.32138085,1345.8661,3. test,68
2012-04-01,0.1463551927948213,724.0,0.1784082,837.8844,3. test,68
2012-05-01,0.1325640303968477,674.9999999999999,0.09849009,553.9353,3. test,68
2012-06-01,0.1508584294962004,740.0,0.103913546,573.20483,3. test,68
2012-07-01,0.0855614973262032,508.0,0.068488486,447.3396,3. test,68
2012-08-01,0.0382775119617224,339.9999999999997,0.08564,508.27893,3. test,68
2012-09-01,0.0163242330424992,261.99999999999966,0.08226478,496.2868,3. test,68
2012-10-01,0.0137911623979735,252.99999999999986,0.08049908,490.01328,3. test,68
2012-11-01,0.0650154798761609,434.9999999999997,0.10113199,563.32196,3. test,68
2012-12-01,0.1297495074584858,665.0,0.1758775,828.89276,3. test,68
