date,real,pred,tipo
1932-01-01,1908.0,1799.8348,Treino
1932-02-01,1898.0000000000002,1869.3947,Treino
1932-03-01,1534.0,1682.7448,Treino
1932-04-01,868.0,1203.6143,Treino
1932-05-01,673.0,711.0032,Treino
1932-06-01,632.0,635.73236,Treino
1932-07-01,472.99999999999994,494.60535,Treino
1932-08-01,393.0,409.68527,Treino
1932-09-01,388.0,385.19278,Treino
1932-10-01,521.0,477.74994,Treino
1932-11-01,573.0,760.7146,Treino
1932-12-01,1474.0,941.58765,Treino
1933-01-01,1330.0,1476.0491,Treino
1933-02-01,726.0,1197.35,Treino
1933-03-01,696.0,783.8294,Treino
1933-04-01,610.0,622.59265,Treino
1933-05-01,440.99999999999994,432.37115,Treino
1933-06-01,356.0,378.7963,Treino
1933-07-01,329.0,304.77322,Treino
1933-08-01,325.0,335.83105,Treino
1933-09-01,295.0,334.7007,Treino
1933-10-01,411.0,492.80212,Treino
1933-11-01,295.0,396.752,Treino
1933-12-01,692.0,1075.6738,Treino
1934-01-01,1210.0,1599.01,Treino
1934-02-01,699.0,1095.9805,Treino
1934-03-01,752.0,587.20715,Treino
1934-04-01,480.0,508.86667,Treino
1934-05-01,333.0,442.82852,Treino
1934-06-01,276.0,318.1234,Treino
1934-07-01,240.0,260.429,Treino
1934-08-01,204.0,270.16693,Treino
1934-09-01,247.0,270.92072,Treino
1934-10-01,272.0,283.26193,Treino
1934-11-01,320.0,214.61479,Treino
1934-12-01,1285.0,1140.8079,Treino
1935-01-01,1846.0,1767.4674,Treino
1935-02-01,2584.0,2660.392,Treino
1935-03-01,1547.0,1830.5983,Treino
1935-04-01,1334.0,1374.8306,Treino
1935-05-01,908.9999999999999,974.846,Treino
1935-06-01,674.0,724.8492,Treino
1935-07-01,554.0,620.89264,Treino
1935-08-01,468.0,480.75906,Treino
1935-09-01,436.0,483.9981,Treino
1935-10-01,619.0,601.1399,Treino
1935-11-01,527.0,919.5781,Treino
1935-12-01,661.0,768.1237,Treino
1936-01-01,594.0,887.70215,Treino
1936-02-01,662.0,839.5467,Treino
1936-03-01,1812.0,1395.3417,Treino
1936-04-01,941.9999999999999,937.6667,Treino
1936-05-01,626.0,752.7619,Treino
1936-06-01,436.0,556.152,Treino
1936-07-01,365.0,629.7636,Treino
1936-08-01,352.0,329.11478,Treino
1936-09-01,445.00000000000006,316.41757,Treino
1936-10-01,351.0,302.9895,Treino
1936-11-01,601.0,461.0103,Treino
1936-12-01,1302.0,1156.1902,Treino
1937-01-01,2600.0,2567.5137,Treino
1937-02-01,1589.0,1787.1622,Treino
1937-03-01,1112.0,1337.946,Treino
1937-04-01,832.0,925.51154,Treino
1937-05-01,836.0,721.89954,Treino
1937-06-01,620.0,563.7402,Treino
1937-07-01,455.99999999999994,516.54785,Treino
1937-08-01,364.0,395.96277,Treino
1937-09-01,307.0,425.87482,Treino
1937-10-01,819.0,595.2676,Treino
1937-11-01,997.0,1279.8984,Treino
1937-12-01,2343.0,2173.0154,Treino
1938-01-01,1899.0,1974.6609,Treino
1938-02-01,1646.0,2603.7383,Treino
1938-03-01,1445.0,1337.0231,Treino
1938-04-01,952.0000000000001,929.2478,Treino
1938-05-01,850.0,781.64777,Treino
1938-06-01,637.0,633.8391,Treino
1938-07-01,508.0,544.19824,Treino
1938-08-01,481.0,483.65216,Treino
1938-09-01,481.0,488.20456,Treino
1938-10-01,793.0,761.1453,Treino
1938-11-01,913.9999999999999,939.05756,Treino
1938-12-01,1647.0,1581.085,Treino
1939-01-01,2089.0,2298.4988,Treino
1939-02-01,1999.0000000000002,2505.1306,Treino
1939-03-01,1063.0,1261.3097,Treino
1939-04-01,957.0,932.57544,Treino
1939-05-01,728.0,719.4441,Treino
1939-06-01,559.0,569.2581,Treino
1939-07-01,483.0,534.9716,Treino
1939-08-01,398.0,421.85596,Treino
1939-09-01,351.0,418.64206,Treino
1939-10-01,398.0,539.0196,Treino
1939-11-01,606.0,797.4597,Treino
1939-12-01,1356.0,1157.2515,Treino
1940-01-01,2018.0000000000002,2500.8464,Treino
1940-02-01,2425.0,2247.9954,Treino
1940-03-01,2077.0,1841.3185,Treino
1940-04-01,1144.0,1515.4032,Treino
1940-05-01,824.0,1044.1915,Treino
1940-06-01,637.0,745.34045,Treino
1940-07-01,513.0,538.8072,Treino
1940-08-01,408.0,480.18335,Treino
1940-09-01,382.0,449.75043,Treino
1940-10-01,464.0,448.2928,Treino
1940-11-01,1043.0,774.05707,Treino
1940-12-01,1554.0,1340.6263,Treino
1941-01-01,1710.0,1822.601,Treino
1941-02-01,1004.9999999999999,1510.5,Treino
1941-03-01,972.9999999999999,1098.4313,Treino
1941-04-01,794.0,650.8521,Treino
1941-05-01,508.0,560.0451,Treino
1941-06-01,458.00000000000006,458.99545,Treino
1941-07-01,455.99999999999994,370.94852,Treino
1941-08-01,334.0,364.53934,Treino
1941-09-01,607.0,408.8386,Treino
1941-10-01,666.0,670.7901,Treino
1941-11-01,704.0,934.81195,Treino
1941-12-01,1307.0,1567.6439,Treino
1942-01-01,1309.0,1150.5314,Treino
1942-02-01,1244.0,1569.9208,Treino
1942-03-01,1863.0000000000002,1176.7888,Treino
1942-04-01,1033.0,953.41516,Treino
1942-05-01,768.0,813.6126,Treino
1942-06-01,637.0,807.9814,Treino
1942-07-01,546.0,507.74326,Treino
1942-08-01,419.0,457.47308,Treino
1942-09-01,390.0,434.87595,Treino
1942-10-01,540.0,481.59705,Treino
1942-11-01,858.0,529.487,Treino
1942-12-01,1231.0,1498.3441,Treino
1943-01-01,2727.0,2509.896,Treino
1943-02-01,2198.0,2166.0903,Treino
1943-03-01,2057.0,2169.275,Treino
1943-04-01,1132.0,1330.1345,Treino
1943-05-01,826.0,964.5343,Treino
1943-06-01,680.0,782.85675,Treino
1943-07-01,554.0,566.12354,Treino
1943-08-01,495.0,489.01077,Treino
1943-09-01,441.99999999999994,476.73993,Treino
1943-10-01,648.0,531.8831,Treino
1943-11-01,657.0,961.0537,Treino
1943-12-01,1094.0,1246.7185,Treino
1944-01-01,1002.9999999999999,1158.4459,Treino
1944-02-01,1521.0,1081.6787,Treino
1944-03-01,1631.0,1791.0936,Treino
1944-04-01,914.9999999999999,1169.5775,Treino
1944-05-01,618.0,827.6461,Treino
1944-06-01,495.0,549.959,Treino
1944-07-01,422.0,459.35562,Treino
1944-08-01,347.0,385.463,Treino
1944-09-01,293.0,376.11066,Treino
1944-10-01,340.0,348.50095,Treino
1944-11-01,508.0,439.69608,Treino
1944-12-01,671.0,745.46497,Treino
1945-01-01,875.0,745.07837,Treino
1945-02-01,1978.0,1842.5902,Treino
1945-03-01,1208.0,1343.7574,Treino
1945-04-01,995.0,963.4517,Treino
1945-05-01,628.0,769.88947,Treino
1945-06-01,553.0,546.4347,Treino
1945-07-01,500.0,467.327,Treino
1945-08-01,349.0,403.7192,Treino
1945-09-01,314.0,338.6632,Treino
1945-10-01,349.0,355.91455,Treino
1945-11-01,765.0,641.3095,Treino
1945-12-01,1585.0,1570.087,Treino
1946-01-01,3201.0,3286.5093,Treino
1946-02-01,1310.0,1834.1827,Treino
1946-03-01,1467.0,1238.6046,Treino
1946-04-01,1152.0,1063.7424,Treino
1946-05-01,756.0,801.12286,Treino
1946-06-01,627.0,655.2078,Treino
1946-07-01,548.0,413.6313,Treino
1946-08-01,429.99999999999994,444.65915,Treino
1946-09-01,335.0,473.00125,Treino
1946-10-01,516.0,558.1254,Treino
1946-11-01,690.0,782.41534,Treino
1946-12-01,749.0,923.65515,Treino
1947-01-01,1775.0,1841.7035,Treino
1947-02-01,1840.0000000000002,2087.8335,Treino
1947-03-01,3757.0000000000005,2446.2598,Treino
1947-04-01,1677.0,1690.2397,Treino
1947-05-01,1034.0,1199.4076,Treino
1947-06-01,804.0,969.31396,Treino
1947-07-01,699.0,699.9554,Treino
1947-08-01,548.0,649.135,Treino
1947-09-01,814.0,612.91907,Treino
1947-10-01,627.0,687.8714,Treino
1947-11-01,714.0,876.4161,Treino
1947-12-01,1331.0,1347.142,Treino
1948-01-01,1503.0,1707.2527,Treino
1948-02-01,1721.0,1386.7832,Treino
1948-03-01,1825.9999999999998,1361.8843,Treino
1948-04-01,1075.0,1304.2185,Treino
1948-05-01,769.0,906.7814,Treino
1948-06-01,668.0,742.70886,Treino
1948-07-01,480.0,506.53412,Treino
1948-08-01,419.0,453.85754,Treino
1948-09-01,349.0,452.97455,Treino
1948-10-01,385.0,367.03314,Treino
1948-11-01,765.0,525.72864,Treino
1948-12-01,1263.0,1041.6005,Treino
1949-01-01,1682.0,1956.7627,Treino
1949-02-01,2221.0,2010.0778,Treino
1949-03-01,1327.0,1952.0388,Treino
1949-04-01,951.0000000000001,1046.4674,Treino
1949-05-01,757.0,695.8222,Treino
1949-06-01,618.0,572.9334,Treino
1949-07-01,467.0,511.54773,Treino
1949-08-01,385.0,455.28043,Treino
1949-09-01,337.0,408.5408,Treino
1949-10-01,399.0,456.839,Treino
1949-11-01,716.0,779.11774,Treino
1949-12-01,1153.0,841.2028,Treino
1950-01-01,1559.0,1716.2039,Treino
1950-02-01,2519.0,2200.613,Treino
1950-03-01,1581.0,1633.8553,Treino
1950-04-01,1185.0,1078.3751,Treino
1950-05-01,852.0,891.773,Treino
1950-06-01,655.0,670.90686,Treino
1950-07-01,592.0,591.93115,Treino
1950-08-01,496.0,502.73462,Treino
1950-09-01,427.99999999999994,451.8313,Treino
1950-10-01,485.0,466.3724,Treino
1950-11-01,1059.0,851.7401,Treino
1950-12-01,1649.0,1706.5675,Treino
1951-01-01,1568.0,1804.1481,Treino
1951-02-01,1994.0,1503.4235,Treino
1951-03-01,1806.0,1541.1512,Treino
1951-04-01,1276.0,1334.6302,Treino
1951-05-01,899.0,987.6461,Treino
1951-06-01,700.0,715.3561,Treino
1951-07-01,557.0,585.6896,Treino
1951-08-01,476.00000000000006,573.7888,Treino
1951-09-01,388.0,484.32254,Treino
1951-10-01,432.0,519.3855,Treino
1951-11-01,377.0,351.5464,Treino
1951-12-01,761.0,931.23126,Treino
1952-01-01,1214.0,1430.4952,Treino
1952-02-01,1881.0,1945.4204,Treino
1952-03-01,2356.0,2083.476,Treino
1952-04-01,1386.0,1675.1853,Treino
1952-05-01,770.0,1051.6785,Treino
1952-06-01,706.0,688.33777,Treino
1952-07-01,507.00000000000006,569.34717,Treino
1952-08-01,406.0,459.00745,Treino
1952-09-01,404.0,432.97513,Treino
1952-10-01,382.0,402.42413,Treino
1952-11-01,661.0,498.39062,Treino
1952-12-01,791.0,996.4964,Treino
1953-01-01,605.0,987.0126,Treino
1953-02-01,680.0,845.19696,Treino
1953-03-01,839.0,907.8126,Treino
1953-04-01,1040.0,1096.7035,Treino
1953-05-01,509.0,689.70026,Treino
1953-06-01,409.0,496.76007,Treino
1953-07-01,354.0,409.3083,Treino
1953-08-01,303.0,341.89774,Treino
1953-09-01,307.0,321.60776,Treino
1953-10-01,330.0,335.3684,Treino
1953-11-01,513.0,342.99094,Treino
1953-12-01,813.0,720.88617,Treino
1954-01-01,743.0,894.5363,Treino
1954-02-01,1261.0,1383.7922,Treino
1954-03-01,666.0,851.3781,Treino
1954-04-01,661.0,648.02985,Treino
1954-05-01,632.0,461.47177,Treino
1954-06-01,450.0,400.4039,Treino
1954-07-01,328.0,397.89078,Treino
1954-08-01,273.0,356.0732,Treino
1954-09-01,222.0,349.54193,Treino
1954-10-01,299.0,396.22092,Treino
1954-11-01,420.0,353.50525,Treino
1954-12-01,593.0,301.689,Treino
1955-01-01,1186.0,1438.9243,Treino
1955-02-01,722.0,1243.8168,Treino
1955-03-01,912.9999999999999,956.01154,Treino
1955-04-01,665.0,942.59875,Treino
1955-05-01,417.0,508.5256,Treino
1955-06-01,380.0,406.63504,Treino
1955-07-01,280.0,318.92676,Treino
1955-08-01,232.0,308.90063,Treino
1955-09-01,248.0,363.86276,Treino
1955-10-01,284.0,306.35962,Treino
1955-11-01,417.0,380.0594,Treino
1955-12-01,1163.0,1218.1658,Treino
1956-01-01,1103.0,1191.2212,Treino
1956-02-01,712.0,1205.2748,Treino
1956-03-01,1184.0,1294.1969,Treino
1956-04-01,597.0,686.07135,Treino
1956-05-01,564.0,471.8404,Treino
1956-06-01,532.0,472.56226,Treino
1956-07-01,399.0,433.73694,Treino
1956-08-01,429.99999999999994,339.77454,Treino
1956-09-01,352.0,286.8504,Treino
1956-10-01,310.0,441.70944,Treino
1956-11-01,416.0,413.76263,Treino
1956-12-01,1165.0,1155.6676,Treino
1957-01-01,1605.0,1874.0886,Treino
1957-02-01,1475.0,1487.182,Treino
1957-03-01,1663.0,1439.0575,Treino
1957-04-01,1548.0,1306.711,Treino
1957-05-01,952.0000000000001,919.6738,Treino
1957-06-01,681.0,858.4325,Treino
1957-07-01,587.0,602.6519,Treino
1957-08-01,465.0,484.87772,Treino
1957-09-01,620.0,487.611,Treino
1957-10-01,437.0,504.8187,Treino
1957-11-01,784.0,604.27655,Treino
1957-12-01,1202.0,1172.9276,Treino
1958-01-01,955.0,1434.832,Treino
1958-02-01,1535.0,1613.4832,Treino
1958-03-01,1249.0,1087.8386,Treino
1958-04-01,897.0,1022.0603,Treino
1958-05-01,894.0,703.0522,Treino
1958-06-01,752.0,633.98065,Treino
1958-07-01,638.0,523.0638,Treino
1958-08-01,480.0,492.4377,Treino
1958-09-01,585.0,560.74164,Treino
1958-10-01,662.0,562.9259,Treino
1958-11-01,711.0,674.0341,Treino
1958-12-01,847.0,1001.44995,Treino
1959-01-01,1815.0,1987.5352,Treino
1959-02-01,1408.0,2004.8893,Treino
1959-03-01,1250.0,1579.9331,Treino
1959-04-01,1094.0,920.16144,Treino
1959-05-01,693.0,734.441,Treino
1959-06-01,581.0,630.0394,Treino
1959-07-01,497.0,510.93475,Treino
1959-08-01,465.0,393.43222,Treino
1959-09-01,401.0,381.0383,Treino
1959-10-01,427.99999999999994,425.07693,Treino
1959-11-01,668.0,673.8054,Treino
1959-12-01,780.0,1033.3895,Treino
1960-01-01,1564.0,1705.6475,Treino
1960-02-01,1646.0,1582.2909,Treino
1960-03-01,2119.0,2071.227,Treino
1960-04-01,999.0,1089.6774,Treino
1960-05-01,859.0,907.3874,Treino
1960-06-01,651.0,664.57275,Treino
1960-07-01,638.0,510.78085,Treino
1960-08-01,508.0,520.157,Treino
1960-09-01,397.0,462.18234,Treino
1960-10-01,427.99999999999994,484.7783,Treino
1960-11-01,548.0,583.6195,Treino
1960-12-01,1311.0,1187.1381,Treino
1961-01-01,2747.0,2683.8625,Treino
1961-02-01,2902.0,2790.4917,Treino
1961-03-01,2754.0,2554.971,Treino
1961-04-01,1457.0,1666.9579,Treino
1961-05-01,1223.0,1273.627,Treino
1961-06-01,841.0,1014.28894,Treino
1961-07-01,676.0,688.92896,Treino
1961-08-01,571.0,569.0464,Treino
1961-09-01,506.00000000000006,519.8623,Treino
1961-10-01,426.0,580.5885,Treino
1961-11-01,636.0,807.0986,Treino
1961-12-01,772.0,833.4582,Treino
1962-01-01,1300.0,1193.2313,Treino
1962-02-01,2389.0,2407.9133,Treino
1962-03-01,1573.0,1536.7599,Treino
1962-04-01,943.9999999999999,1341.9872,Treino
1962-05-01,796.0,828.4345,Treino
1962-06-01,696.0,665.9876,Treino
1962-07-01,534.0,502.0603,Treino
1962-08-01,471.99999999999994,461.97998,Treino
1962-09-01,464.0,368.95187,Treino
1962-10-01,695.0,495.54044,Treino
1962-11-01,833.0,830.9092,Treino
1962-12-01,1454.0,1330.3895,Treino
1963-01-01,1723.0,2221.2385,Treino
1963-02-01,1489.0,1422.6543,Treino
1963-03-01,994.0,1332.1112,Treino
1963-04-01,640.0,782.4594,Treino
1963-05-01,524.0,616.27814,Treino
1963-06-01,441.99999999999994,451.04782,Treino
1963-07-01,399.0,397.5118,Treino
1963-08-01,347.0,402.7911,Treino
1963-09-01,297.0,295.60913,Treino
1963-10-01,369.0,453.97717,Treino
1963-11-01,507.00000000000006,675.47723,Treino
1963-12-01,334.0,743.374,Treino
1964-01-01,1453.0,1306.7771,Treino
1964-02-01,1953.9999999999998,1879.8845,Treino
1964-03-01,823.0,1424.8322,Treino
1964-04-01,752.0,814.36,Treino
1964-05-01,611.0,755.0517,Treino
1964-06-01,469.0,467.17865,Treino
1964-07-01,378.0,389.17487,Treino
1964-08-01,258.0,415.31183,Treino
1964-09-01,225.0,252.31084,Treino
1964-10-01,531.0,329.90494,Treino
1964-11-01,742.0,722.09064,Treino
1964-12-01,1255.0,1337.851,Treino
1965-01-01,2464.0,2592.1575,Treino
1965-02-01,3125.0,2253.3093,Treino
1965-03-01,2523.0,2682.3772,Treino
1965-04-01,1321.0,1507.4047,Treino
1965-05-01,1438.0,1194.9382,Treino
1965-06-01,1062.0,1100.3286,Treino
1965-07-01,947.0000000000001,815.7808,Treino
1965-08-01,777.0,691.66315,Treino
1965-09-01,641.0,657.24396,Treino
1965-10-01,972.9999999999999,929.4567,Treino
1965-11-01,1188.0,1140.266,Treino
1965-12-01,1869.0000000000002,1656.2672,Treino
1966-01-01,3033.0,3292.0608,Treino
1966-02-01,2092.0,2221.9326,Treino
1966-03-01,2679.0,2238.213,Treino
1966-04-01,1450.0,1627.506,Treino
1966-05-01,1034.0,1257.7112,Treino
1966-06-01,726.0,997.3455,Treino
1966-07-01,581.0,593.10724,Treino
1966-08-01,485.99999999999994,529.94916,Treino
1966-09-01,484.0,496.99533,Treino
1966-10-01,805.0,698.433,Treino
1966-11-01,1343.0,1355.7393,Treino
1966-12-01,1856.0,1905.8949,Treino
1967-01-01,3014.0,3270.5288,Treino
1967-02-01,2594.0,2633.764,Treino
1967-03-01,1916.0,1962.0941,Treino
1967-04-01,1168.0,1400.2715,Treino
1967-05-01,880.0,1001.19135,Treino
1967-06-01,763.0,776.0123,Treino
1967-07-01,624.0,652.76245,Treino
1967-08-01,546.0,531.9698,Treino
1967-09-01,502.99999999999994,494.54034,Treino
1967-10-01,523.0,692.4505,Treino
1967-11-01,1080.0,909.6557,Treino
1967-12-01,1303.0,1395.6868,Treino
1968-01-01,1656.0,1390.774,Treino
1968-02-01,988.0,1367.915,Treino
1968-03-01,959.0,1092.0106,Treino
1968-04-01,612.0,685.8483,Treino
1968-05-01,470.99999999999994,528.34753,Treino
1968-06-01,409.0,422.80392,Treino
1968-07-01,358.0,334.9385,Treino
1968-08-01,367.0,368.1844,Treino
1968-09-01,363.0,408.39774,Treino
1968-10-01,453.0,632.7435,Treino
1968-11-01,390.0,505.83298,Treino
1968-12-01,1337.0,1083.7004,Treino
1969-01-01,1171.0,1543.8552,Treino
1969-02-01,1193.0,961.1836,Treino
1969-03-01,966.0,991.49066,Treino
1969-04-01,636.0,705.5112,Treino
1969-05-01,413.0,587.7743,Treino
1969-06-01,436.0,415.38477,Treino
1969-07-01,338.0,331.90015,Treino
1969-08-01,313.0,319.85443,Treino
1969-09-01,214.0,321.38806,Treino
1969-10-01,478.0,486.78867,Treino
1969-11-01,1241.0,997.58545,Treino
1969-12-01,1143.0,1178.3683,Treino
1970-01-01,1412.0,1213.2123,Treino
1970-02-01,1280.0,1081.7745,Treino
1970-03-01,1321.0,1505.0675,Treino
1970-04-01,761.0,803.87836,Treino
1970-05-01,534.0,629.1194,Treino
1970-06-01,446.0,489.59796,Treino
1970-07-01,429.99999999999994,425.78333,Treino
1970-08-01,347.0,401.46484,Treino
1970-09-01,614.0,534.4915,Treino
1970-10-01,527.0,539.7602,Treino
1970-11-01,827.0,899.9877,Treino
1970-12-01,555.0,1274.2186,Treino
1971-01-01,612.0,745.4829,Treino
1971-02-01,357.0,1021.90533,Treino
1971-03-01,477.0,446.93753,Treino
1971-04-01,401.0,393.8571,Treino
1971-05-01,310.0,312.66312,Treino
1971-06-01,365.0,346.4862,Treino
1971-07-01,309.0,344.58612,Treino
1971-08-01,218.0,305.47174,Treino
1971-09-01,232.0,244.82375,Treino
1971-10-01,469.99999999999994,357.36533,Treino
1971-11-01,533.0,603.72186,Treino
1971-12-01,1546.0,1134.4055,Treino
1972-01-01,1319.0,1364.1865,Treino
1972-02-01,1776.0,1856.161,Treino
1972-03-01,1623.0,1538.4945,Treino
1972-04-01,892.0,928.0594,Treino
1972-05-01,596.0,808.4256,Treino
1972-06-01,469.0,587.8921,Treino
1972-07-01,618.0,447.77887,Treino
1972-08-01,441.99999999999994,430.23306,Treino
1972-09-01,384.0,364.59238,Treino
1972-10-01,694.0,548.48737,Treino
1972-11-01,1132.0,1307.8986,Treino
1972-12-01,1290.0,1270.0139,Treino
1973-01-01,1587.0,1895.6206,Treino
1973-02-01,1428.0,1218.5062,Treino
1973-03-01,920.0000000000001,1177.4526,Treino
1973-04-01,1133.0,808.3768,Treino
1973-05-01,662.0,723.6442,Treino
1973-06-01,501.99999999999994,539.48773,Treino
1973-07-01,438.0,526.90594,Treino
1973-08-01,380.0,436.47452,Treino
1973-09-01,333.0,463.10022,Treino
1973-10-01,485.99999999999994,417.0028,Treino
1973-11-01,739.0,791.3263,Treino
1973-12-01,1409.0,1443.555,Treino
1974-01-01,1829.9999999999998,1681.5565,Treino
1974-02-01,1064.0,1824.258,Treino
1974-03-01,1544.0,938.09564,Treino
1974-04-01,1118.0,920.20337,Treino
1974-05-01,673.0,771.03156,Treino
1974-06-01,661.0,647.47943,Treino
1974-07-01,512.0,512.6404,Treino
1974-08-01,405.0,473.70328,Treino
1974-09-01,314.0,402.11334,Treino
1974-10-01,411.0,406.07217,Treino
1974-11-01,394.0,599.41223,Treino
1974-12-01,1095.0,997.38184,Treino
1975-01-01,1460.0,1531.3639,Treino
1975-02-01,1555.0,1665.3735,Treino
1975-03-01,871.0,1859.8074,Treino
1975-04-01,704.0,866.23566,Treino
1975-05-01,501.99999999999994,528.0711,Treino
1975-06-01,380.0,420.1479,Treino
1975-07-01,414.0,362.6307,Treino
1975-08-01,261.0,302.02682,Treino
1975-09-01,241.0,339.38397,Treino
1975-10-01,455.99999999999994,326.87933,Treino
1975-11-01,987.0,1061.416,Treino
1975-12-01,1196.0,1331.1282,Treino
1976-01-01,958.0,1332.5359,Treino
1976-02-01,1143.0,979.0387,Treino
1976-03-01,1266.0,1181.4667,Treino
1976-04-01,962.0,966.16296,Treino
1976-05-01,775.0,711.63,Treino
1976-06-01,753.0,620.2823,Treino
1976-07-01,784.0,646.0113,Treino
1976-08-01,744.0,641.6674,Treino
1976-09-01,1068.0,724.0039,Treino
1976-10-01,917.0000000000001,1042.4148,Treino
1976-11-01,1373.0,1307.4534,Treino
1976-12-01,1914.9999999999998,2153.65,Treino
1977-01-01,1986.0,2044.3698,Treino
1977-02-01,1616.0,1729.5052,Treino
1977-03-01,1193.0,1162.4021,Treino
1977-04-01,1189.0,982.2435,Treino
1977-05-01,698.0,893.4282,Treino
1977-06-01,596.0,680.3991,Treino
1977-07-01,467.0,525.58044,Treino
1977-08-01,363.0,482.27414,Treino
1977-09-01,583.0,548.4202,Treino
1977-10-01,420.0,601.0499,Treino
1977-11-01,832.0,837.9221,Treino
1977-12-01,1449.0,1639.2439,Treino
1978-01-01,1918.9999999999998,2112.902,Treino
1978-02-01,1268.0,2105.1926,Treino
1978-03-01,1224.0,1068.5421,Treino
1978-04-01,756.0,842.2349,Treino
1978-05-01,707.0,643.99615,Treino
1978-06-01,699.0,581.2057,Treino
1978-07-01,495.0,443.9262,Treino
1978-08-01,372.0,458.48904,Treino
1978-09-01,354.0,393.77753,Treino
1978-10-01,494.0,510.5661,Treino
1978-11-01,892.0,681.5774,Treino
1978-12-01,1100.0,1191.1897,Treino
1979-01-01,1385.0,1382.6522,Treino
1979-02-01,2413.0,2020.3108,Treino
1979-03-01,1422.0,1494.8218,Treino
1979-04-01,963.0,908.1966,Treino
1979-05-01,808.0,712.46094,Treino
1979-06-01,642.0,592.40015,Treino
1979-07-01,578.0,535.6652,Treino
1979-08-01,552.0,522.5889,Treino
1979-09-01,733.0,501.2626,Treino
1979-10-01,527.0,716.9,Treino
1979-11-01,945.9999999999999,946.17395,Treino
1979-12-01,1651.0,1688.463,Treino
1980-01-01,2690.0,2783.5771,Treino
1980-02-01,1929.0000000000002,2032.0286,Treino
1980-03-01,1121.0,1418.0704,Treino
1980-04-01,1709.0,1057.0878,Treino
1980-05-01,914.9999999999999,1001.4508,Treino
1980-06-01,784.0,758.26843,Treino
1980-07-01,674.0,650.405,Treino
1980-08-01,486.99999999999994,510.21817,Treino
1980-09-01,492.00000000000006,519.04224,Treino
1980-10-01,459.00000000000006,523.72864,Treino
1980-11-01,824.0,738.1833,Treino
1980-12-01,1762.0,1860.957,Treino
1981-01-01,2713.0,2817.5366,Treino
1981-02-01,1297.0,2130.0698,Treino
1981-03-01,1216.0,1295.0463,Treino
1981-04-01,917.0000000000001,940.5387,Treino
1981-05-01,698.0,714.50433,Treino
1981-06-01,704.0,582.6769,Treino
1981-07-01,503.99999999999994,465.97604,Treino
1981-08-01,469.0,437.25513,Treino
1981-09-01,355.0,502.62485,Treino
1981-10-01,819.0,746.0906,Treino
1981-11-01,1325.0,1220.1691,Treino
1981-12-01,2333.0,2547.0588,Treino
1982-01-01,2417.0,2604.393,Treino
1982-02-01,1819.9999999999998,2505.1497,Treino
1982-03-01,2845.0,2442.8948,Treino
1982-04-01,1651.0,1431.291,Treino
1982-05-01,1061.0,1184.372,Treino
1982-06-01,952.0000000000001,1066.2465,Treino
1982-07-01,760.0,699.7121,Treino
1982-08-01,627.0,701.72034,Treino
1982-09-01,487.99999999999994,579.8893,Treino
1982-10-01,769.0,710.08685,Treino
1982-11-01,798.0,714.79266,Treino
1982-12-01,2073.0,2161.4185,Treino
1983-01-01,3506.0,3817.4348,Treino
1983-02-01,3230.0,3575.5112,Treino
1983-03-01,3046.0,3315.431,Treino
1983-04-01,2327.0,1963.0247,Treino
1983-05-01,1572.0,1607.5061,Treino
1983-06-01,2303.0,1473.2117,Treino
1983-07-01,1308.0,1470.2075,Treino
1983-08-01,921.0000000000001,902.42584,Treino
1983-09-01,1889.0,1630.7247,Treino
1983-10-01,1821.9999999999998,1809.8239,Treino
1983-11-01,1989.0000000000002,2140.074,Treino
1983-12-01,3123.0,3391.5444,Treino
1984-01-01,2192.0,2248.6077,Treino
1984-02-01,1315.0,1647.4384,Treino
1984-03-01,994.0,1326.3783,Treino
1984-04-01,913.9999999999999,754.1462,Treino
1984-05-01,861.0,690.7995,Treino
1984-06-01,577.0,697.0428,Treino
1984-07-01,466.0,544.7183,Treino
1984-08-01,482.0,532.12915,Treino
1984-09-01,547.0,488.51807,Treino
1984-10-01,424.0,947.7953,Treino
1984-11-01,631.0,777.7392,Treino
1984-12-01,1326.0,1491.4583,Treino
1985-01-01,2594.0,2543.4695,Treino
1985-02-01,2210.0,1736.9913,Treino
1985-03-01,2434.0,2306.1765,Treino
1985-04-01,1343.0,1403.1005,Treino
1985-05-01,881.0,1071.8387,Treino
1985-06-01,680.0,906.9581,Treino
1985-07-01,565.0,567.06555,Treino
1985-08-01,476.00000000000006,502.27014,Treino
1985-09-01,502.99999999999994,471.58,Treino
1985-10-01,469.99999999999994,391.00134,Treino
1985-11-01,759.0,811.59796,Treino
1985-12-01,1036.0,1192.3712,Treino
1986-01-01,1716.0,1709.7888,Treino
1986-02-01,1540.0,1397.2896,Treino
1986-03-01,1365.0,1348.4178,Treino
1986-04-01,806.0,1175.4364,Treino
1986-05-01,833.0,645.8096,Treino
1986-06-01,555.0,603.85547,Treino
1986-07-01,565.0,461.0136,Treino
1986-08-01,590.0,463.89493,Treino
1986-09-01,369.0,395.8173,Treino
1986-10-01,294.0,431.14017,Treino
1986-11-01,343.0,545.7459,Treino
1986-12-01,1700.0,1365.0186,Treino
1987-01-01,1945.0,2062.772,Treino
1987-02-01,1757.0,1822.3595,Treino
1987-03-01,1209.0,1540.805,Treino
1987-04-01,1232.0,1278.3707,Treino
1987-05-01,838.0,857.0933,Treino
1987-06-01,703.0,622.5648,Treino
1987-07-01,548.0,509.59586,Treino
1987-08-01,434.0,444.5672,Treino
1987-09-01,573.0,524.5823,Treino
1987-10-01,459.00000000000006,706.1269,Treino
1987-11-01,590.0,774.37744,Treino
1987-12-01,1345.0,1356.2562,Treino
1988-01-01,1303.0,1475.27,Treino
1988-02-01,1788.0,2170.0073,Treino
1988-03-01,1421.0,1169.5886,Treino
1988-04-01,843.0,1117.1815,Treino
1988-05-01,713.0,754.4672,Treino
1988-06-01,645.0,595.309,Treino
1988-07-01,435.0,462.65784,Treino
1988-08-01,384.0,428.49197,Treino
1988-09-01,321.0,423.04135,Treino
1988-10-01,563.0,511.85715,Treino
1988-11-01,655.0,683.1991,Treino
1988-12-01,810.0,971.5337,Treino
1989-01-01,1794.9999999999998,1928.8617,Treino
1989-02-01,1580.0,1202.0103,Treino
1989-03-01,1619.0,1902.7704,Treino
1989-04-01,893.0,970.67096,Treino
1989-05-01,596.0,723.3336,Treino
1989-06-01,553.0,607.30676,Treino
1989-07-01,486.99999999999994,468.1079,Treino
1989-08-01,476.00000000000006,401.92377,Treino
1989-09-01,486.99999999999994,443.16263,Treino
1989-10-01,437.0,482.81705,Treino
1989-11-01,512.0,695.4045,Treino
1989-12-01,1128.0,1207.1442,Treino
1990-01-01,1364.0,1566.6918,Treino
1990-02-01,639.0,1045.422,Treino
1990-03-01,1086.0,739.52484,Treino
1990-04-01,723.0,671.5604,Treino
1990-05-01,630.0,539.94354,Treino
1990-06-01,427.99999999999994,512.3916,Treino
1990-07-01,432.0,416.4067,Treino
1990-08-01,405.0,368.88065,Treino
1990-09-01,462.0,354.5275,Treino
1990-10-01,442.99999999999994,467.89243,Treino
1990-11-01,384.0,512.59717,Treino
1990-12-01,591.0,892.7031,Treino
1991-01-01,1926.0,1631.1865,Treino
1991-02-01,1980.9999999999998,2109.2847,Treino
1991-03-01,1764.0,1633.113,Treino
1991-04-01,1914.9999999999998,2143.4277,Treino
1991-05-01,1032.0,1179.0631,Treino
1991-06-01,677.0,795.5652,Treino
1991-07-01,579.0,696.41833,Treino
1991-08-01,425.0,455.80505,Treino
1991-09-01,390.0,441.19223,Treino
1991-10-01,666.0,425.46094,Treino
1991-11-01,458.00000000000006,732.17847,Treino
1991-12-01,809.0,705.20355,Treino
1992-01-01,2875.0,2493.0015,Treino
1992-02-01,2406.0,2515.8687,Treino
1992-03-01,1408.0,1677.9114,Treino
1992-04-01,1052.0,1246.7582,Treino
1992-05-01,1002.9999999999999,1043.8237,Treino
1992-06-01,614.0,651.68225,Treino
1992-07-01,597.0,597.9341,Treino
1992-08-01,448.0,349.33795,Treino
1992-09-01,695.0,572.3361,Treino
1992-10-01,796.0,765.417,Treino
1992-11-01,1298.0,1316.966,Treino
1992-12-01,1188.0,1340.7985,Treino
1993-01-01,1301.0,1340.6742,Treino
1993-02-01,1938.0,1818.8978,Treino
1993-03-01,1512.0,1173.4502,Treino
1993-04-01,1103.0,1024.8308,Treino
1993-05-01,717.0,801.14514,Treino
1993-06-01,727.0,722.7316,Treino
1993-07-01,501.99999999999994,592.1155,Treino
1993-08-01,435.0,538.7829,Treino
1993-09-01,456.99999999999994,426.08896,Treino
1993-10-01,566.0,446.8954,Treino
1993-11-01,437.0,681.23834,Treino
1993-12-01,705.0,740.8089,Treino
1994-01-01,1927.0000000000002,1981.1052,Treino
1994-02-01,845.0,1091.4054,Treino
1994-03-01,1224.0,943.0263,Treino
1994-04-01,775.0,753.1566,Treino
1994-05-01,868.0,705.4824,Treino
1994-06-01,563.0,529.4334,Treino
1994-07-01,458.00000000000006,533.20386,Treino
1994-08-01,352.0,398.61276,Treino
1994-09-01,273.0,364.2375,Treino
1994-10-01,306.0,374.93964,Treino
1994-11-01,460.00000000000006,478.4775,Treino
1994-12-01,1062.0,1108.3599,Treino
1995-01-01,924.0,1344.2343,Treino
1995-02-01,2788.0,2391.5535,Treino
1995-03-01,1193.0,1488.5964,Treino
1995-04-01,998.0,971.7563,Treino
1995-05-01,741.0,777.8221,Treino
1995-06-01,532.0,611.33685,Treino
1995-07-01,470.99999999999994,519.97156,Treino
1995-08-01,311.0,500.168,Treino
1995-09-01,273.0,332.0708,Treino
1995-10-01,637.0,536.17834,Treino
1995-11-01,617.0,580.2175,Treino
1995-12-01,988.0,1117.5044,Treino
1996-01-01,1928.0,2057.4814,Treino
1996-02-01,1231.0,1528.5392,Treino
1996-03-01,1431.0,1083.8326,Treino
1996-04-01,829.0,904.5139,Treino
1996-05-01,664.0,640.44183,Treino
1996-06-01,499.0,574.76733,Treino
1996-07-01,441.99999999999994,465.55273,Treino
1996-08-01,389.0,391.271,Treino
1996-09-01,681.0,397.54367,Treino
1996-10-01,518.0,625.7937,Treino
1996-11-01,1455.0,1221.696,Treino
1996-12-01,1736.0,1845.3079,Treino
1997-01-01,3620.9999999999995,2807.2542,Treino
1997-02-01,1823.9999999999998,1757.2622,Treino
1997-03-01,1498.0,1465.222,Treino
1997-04-01,1066.0,1125.8607,Treino
1997-05-01,765.0,846.9681,Treino
1997-06-01,863.0,760.0335,Treino
1997-07-01,578.0,617.753,Treino
1997-08-01,437.0,468.05984,Treino
1997-09-01,405.0,542.7927,Treino
1997-10-01,501.99999999999994,567.8811,Treino
1997-11-01,715.0,801.3921,Treino
1997-12-01,1185.0,1065.595,Treino
1998-01-01,1191.0,1378.6104,Treino
1998-02-01,1248.0,1656.6726,Treino
1998-03-01,965.0,1836.6946,Treino
1998-04-01,676.0,795.4503,Treino
1998-05-01,571.0,512.6633,Treino
1998-06-01,513.0,438.9599,Treino
1998-07-01,362.0,397.8392,Treino
1998-08-01,360.0,375.0473,Treino
1998-09-01,260.0,328.76535,Treino
1998-10-01,500.99999999999994,427.1288,Treino
1998-11-01,525.0,492.02374,Treino
1998-12-01,1010.0000000000001,1060.1646,Treino
1999-01-01,1681.0,1603.2083,Treino
1999-02-01,1410.0,1666.5269,Treino
1999-03-01,1545.0,1840.7922,Treino
1999-04-01,754.0,955.95013,Treino
1999-05-01,531.0,689.956,Treino
1999-06-01,501.99999999999994,542.1913,Treino
1999-07-01,400.0,410.56192,Treino
1999-08-01,278.0,373.7855,Treino
1999-09-01,290.0,360.5188,Treino
1999-10-01,210.0,298.66013,Treino
1999-11-01,335.0,567.7988,Treino
1999-12-01,796.0,974.6819,Treino
2000-01-01,2248.0,2248.0842,Treino
2000-02-01,1817.0,2037.9967,Treino
2000-03-01,1376.0,1419.5371,Treino
2000-04-01,811.0,1049.2568,Treino
2000-05-01,540.0,767.54425,Treino
2000-06-01,493.0,538.3362,Treino
2000-07-01,419.0,408.28583,Treino
2000-08-01,380.0,344.62167,Treino
2000-09-01,558.0,484.58362,Treino
2000-10-01,302.0,552.34845,Treino
2000-11-01,703.0,775.79333,Treino
2000-12-01,1013.0000000000001,1116.2734,Treino
2001-01-01,896.0,1144.971,Treino
2001-02-01,713.0,757.89105,Treino
2001-03-01,628.0,619.1798,Treino
2001-04-01,494.0,498.97696,Treino
2001-05-01,374.0,387.8865,Treino
2001-06-01,294.0,349.38596,Treino
2001-07-01,250.0,266.8363,Treino
2001-08-01,217.0,304.96658,Treino
2001-09-01,272.0,254.75436,Treino
2001-10-01,400.0,411.5264,Treino
2001-11-01,567.0,635.093,Treino
2001-12-01,1029.0,1433.5669,Treino
2002-01-01,1240.0,1592.7687,Treino
2002-02-01,1982.0,1733.1864,Treino
2002-03-01,1147.0,1105.4965,Treino
2002-04-01,641.0,757.92316,Treino
2002-05-01,512.0,615.0086,Treino
2002-06-01,420.0,455.66702,Treino
2002-07-01,381.0,399.92465,Treino
2002-08-01,308.0,393.21884,Treino
2002-09-01,354.0,359.6559,Treino
2002-10-01,222.0,445.30685,Treino
2002-11-01,549.0,748.30725,Treino
2002-12-01,998.0,666.65076,Treino
2003-01-01,1881.9999999999998,2298.1365,Teste
2003-02-01,1396.0,2084.9673,Teste
2003-03-01,1072.0,1458.6561,Teste
2003-04-01,718.0,919.4066,Teste
2003-05-01,531.0,582.9632,Teste
2003-06-01,394.0,487.3573,Teste
2003-07-01,385.0,338.63007,Teste
2003-08-01,271.0,322.7256,Teste
2003-09-01,261.0,346.3665,Teste
2003-10-01,302.0,368.90396,Teste
2003-11-01,433.0,663.0681,Teste
2003-12-01,916.0000000000001,1033.63,Teste
2004-01-01,1252.0,2223.6929,Teste
2004-02-01,1614.0,1643.6796,Teste
2004-03-01,1326.0,1394.4985,Teste
2004-04-01,1048.0,1196.863,Teste
2004-05-01,761.0,807.8975,Teste
2004-06-01,692.0,598.0427,Teste
2004-07-01,564.0,517.37805,Teste
2004-08-01,386.0,457.95023,Teste
2004-09-01,294.0,404.40436,Teste
2004-10-01,483.0,324.14404,Teste
2004-11-01,520.0,497.47537,Teste
2004-12-01,1526.0,673.5042,Teste
2005-01-01,2239.0,1613.2385,Teste
2005-02-01,1713.0,2210.2678,Teste
2005-03-01,1541.0,2338.7014,Teste
2005-04-01,874.0,1164.6089,Teste
2005-05-01,950.0000000000001,771.3678,Teste
2005-06-01,676.0,657.7475,Teste
2005-07-01,561.0,517.9949,Teste
2005-08-01,416.0,476.2816,Teste
2005-09-01,477.0,408.20096,Teste
2005-10-01,392.0,610.61255,Teste
2005-11-01,721.0,737.4877,Teste
2005-12-01,1352.0,2001.0524,Teste
2006-01-01,1114.0,1707.1188,Teste
2006-02-01,1161.0,1060.5217,Teste
2006-03-01,1377.0,1031.5756,Teste
2006-04-01,673.0,1065.2424,Teste
2006-05-01,495.0,638.38934,Teste
2006-06-01,425.0,490.40256,Teste
2006-07-01,362.0,330.18515,Teste
2006-08-01,283.0,358.74066,Teste
2006-09-01,325.0,329.1239,Teste
2006-10-01,471.99999999999994,451.7579,Teste
2006-11-01,671.0,802.73364,Teste
2006-12-01,1268.0,1059.3792,Teste
2007-01-01,3364.0,1805.1575,Teste
2007-02-01,2146.0,2173.7654,Teste
2007-03-01,948.0000000000001,1534.6681,Teste
2007-04-01,746.0,1088.5566,Teste
2007-05-01,601.0,657.46533,Teste
2007-06-01,527.0,537.02484,Teste
2007-07-01,463.0,527.20764,Teste
2007-08-01,354.0,647.55835,Teste
2007-09-01,241.0,558.4244,Teste
2007-10-01,294.0,617.15936,Teste
2007-11-01,647.0,632.09515,Teste
2007-12-01,880.0,853.2508,Teste
2008-01-01,1092.0,1353.3127,Teste
2008-02-01,1737.0,1316.5258,Teste
2008-03-01,1758.0,1716.8075,Teste
2008-04-01,1448.0,1394.5521,Teste
2008-05-01,771.0,920.0448,Teste
2008-06-01,624.0,692.47687,Teste
2008-07-01,460.00000000000006,561.6063,Teste
2008-08-01,433.0,469.10617,Teste
2008-09-01,418.0,417.53265,Teste
2008-10-01,477.0,439.1821,Teste
2008-11-01,866.0,510.79276,Teste
2008-12-01,1558.0,1026.4495,Teste
2009-01-01,2028.0000000000002,1775.7963,Teste
2009-02-01,2485.0,2315.6587,Teste
2009-03-01,1619.0,1617.4291,Teste
2009-04-01,1643.0,1265.6417,Teste
2009-05-01,843.0,1079.8386,Teste
2009-06-01,696.0,773.4204,Teste
2009-07-01,630.0,654.11414,Teste
2009-08-01,525.0,527.0839,Teste
2009-09-01,705.0,591.777,Teste
2009-10-01,828.0,626.71436,Teste
2009-11-01,658.0,1110.7802,Teste
2009-12-01,1813.0,1184.7642,Teste
2010-01-01,1811.0000000000002,2784.0571,Teste
2010-02-01,1026.0,1909.5677,Teste
2010-03-01,1268.0,915.90015,Teste
2010-04-01,807.0,894.6056,Teste
2010-05-01,579.0,642.21844,Teste
2010-06-01,478.0,580.79376,Teste
2010-07-01,426.0,399.02383,Teste
2010-08-01,301.0,359.61963,Teste
2010-09-01,284.0,366.08273,Teste
2010-10-01,454.99999999999994,435.70978,Teste
2010-11-01,861.0,411.55463,Teste
2010-12-01,1512.0,1668.1992,Teste
2011-01-01,2959.0,1719.3737,Teste
2011-02-01,1087.0,1592.0779,Teste
2011-03-01,1931.0000000000002,1122.9733,Teste
2011-04-01,1063.0,1091.8292,Teste
2011-05-01,698.0,739.0344,Teste
2011-06-01,628.0,737.10925,Teste
2011-07-01,487.99999999999994,395.77005,Teste
2011-08-01,388.0,509.7134,Teste
2011-09-01,298.0,451.7878,Teste
2011-10-01,459.00000000000006,498.12473,Teste
2011-11-01,515.0,841.9213,Teste
2011-12-01,1648.0,947.83215,Teste
2012-01-01,2628.0,1942.805,Teste
2012-02-01,1225.0,2625.701,Teste
2012-03-01,909.9999999999999,1328.2527,Teste
2012-04-01,724.0,875.54443,Teste
2012-05-01,675.0,613.63965,Teste
2012-06-01,740.0,464.54407,Teste
2012-07-01,508.0,498.44705,Teste
2012-08-01,340.0,534.7983,Teste
2012-09-01,262.0,441.82883,Teste
2012-10-01,253.00000000000003,700.2997,Teste
2012-11-01,435.0,581.47546,Teste
2012-12-01,665.0,638.8268,Teste
