date,real_norm,real,pred_norm,pred,tipo
1932-01-01,0.7656826568265682,449.0,0.48880866,298.9343,1. train
1932-02-01,0.5719557195571955,344.0,0.68468666,405.10016,1. train
1932-03-01,0.3321033210332103,213.99999999999997,0.4607431,283.72278,1. train
1932-04-01,0.070110701107011,71.99999999999996,0.2504363,169.73648,1. train
1932-05-01,0.062730627306273,67.99999999999997,0.17787409,130.40776,1. train
1932-06-01,0.1180811808118081,98.0,0.11968489,98.86921,1. train
1932-07-01,0.0867158671586715,80.99999999999996,0.10281718,89.726906,1. train
1932-08-01,0.0682656826568265,70.99999999999997,0.070695266,72.31683,1. train
1932-09-01,0.0719557195571955,72.99999999999996,0.0798851,77.29773,1. train
1932-10-01,0.1070110701107011,91.99999999999999,0.15198357,116.3751,1. train
1932-11-01,0.1254612546125461,101.99999999999997,0.17702967,129.95007,1. train
1932-12-01,0.3800738007380074,240.0,0.26164848,175.81348,1. train
1933-01-01,0.4667896678966789,287.0,0.34830484,222.78123,1. train
1933-02-01,0.2343173431734317,161.0,0.3345705,215.33722,1. train
1933-03-01,0.2084870848708487,147.0,0.18025148,131.6963,1. train
1933-04-01,0.1365313653136531,107.99999999999999,0.12647681,102.55043,1. train
1933-05-01,0.092250922509225,83.99999999999994,0.08688128,81.08965,1. train
1933-06-01,0.070110701107011,71.99999999999996,0.07209197,73.073845,1. train
1933-07-01,0.0645756457564575,68.99999999999997,0.052965064,62.707066,1. train
1933-08-01,0.055350553505535,63.99999999999997,0.046618894,59.26744,1. train
1933-09-01,0.0535055350553505,62.99999999999998,0.057320364,65.067635,1. train
1933-10-01,0.0608856088560885,66.99999999999997,0.09080634,83.21704,1. train
1933-11-01,0.070110701107011,71.99999999999996,0.1194974,98.76759,1. train
1933-12-01,0.1974169741697417,141.0,0.20091225,142.89444,1. train
1934-01-01,0.2988929889298893,196.0,0.27957618,185.5303,1. train
1934-02-01,0.1143911439114391,96.0,0.3105989,202.34462,1. train
1934-03-01,0.1439114391143911,111.99999999999999,0.12457305,101.51859,1. train
1934-04-01,0.0830258302583025,78.99999999999996,0.10546969,91.16457,1. train
1934-05-01,0.047970479704797,59.99999999999997,0.056813665,64.79301,1. train
1934-06-01,0.0276752767527675,48.999999999999986,0.050345708,61.287373,1. train
1934-07-01,0.018450184501845,43.99999999999999,0.0316933,51.17777,1. train
1934-08-01,0.007380073800738,38.0,0.0316933,51.17777,1. train
1934-09-01,0.011070110701107,39.99999999999999,0.0316933,51.17777,1. train
1934-10-01,0.025830258302583,47.999999999999986,0.049162935,60.646313,1. train
1934-11-01,0.0424354243542435,56.99999999999998,0.06326513,68.289696,1. train
1934-12-01,0.3357933579335793,215.99999999999997,0.17255987,127.52745,1. train
1935-01-01,0.3837638376383764,242.0,0.30329856,198.38783,1. train
1935-02-01,0.6402214022140221,381.0,0.32838055,211.98227,1. train
1935-03-01,0.2767527675276753,184.0,0.37959993,239.74316,1. train
1935-04-01,0.2490774907749077,168.99999999999997,0.20073962,142.80089,1. train
1935-05-01,0.1605166051660516,120.99999999999996,0.14292349,111.46453,1. train
1935-06-01,0.1180811808118081,98.0,0.076928884,75.69546,1. train
1935-07-01,0.0719557195571955,72.99999999999996,0.07965301,77.17193,1. train
1935-08-01,0.0719557195571955,72.99999999999996,0.04672253,59.323612,1. train
1935-09-01,0.0645756457564575,68.99999999999997,0.06144334,67.30229,1. train
1935-10-01,0.095940959409594,85.99999999999996,0.04929305,60.71683,1. train
1935-11-01,0.095940959409594,85.99999999999996,0.17587945,129.32666,1. train
1935-12-01,0.1070110701107011,91.99999999999999,0.16546729,123.68327,1. train
1936-01-01,0.092250922509225,83.99999999999994,0.2391589,163.62413,1. train
1936-02-01,0.1365313653136531,107.99999999999999,0.22551693,156.23018,1. train
1936-03-01,0.3597785977859778,228.99999999999997,0.22330084,155.02907,1. train
1936-04-01,0.1734317343173431,127.99999999999996,0.28081033,186.1992,1. train
1936-05-01,0.1033210332103321,90.0,0.12327799,100.81667,1. train
1936-06-01,0.0608856088560885,66.99999999999997,0.09554085,85.78314,1. train
1936-07-01,0.0424354243542435,56.99999999999998,0.06476687,69.103645,1. train
1936-08-01,0.044280442804428,57.99999999999998,0.049380403,60.76418,1. train
1936-09-01,0.0571955719557195,64.99999999999996,0.03483571,52.880955,1. train
1936-10-01,0.047970479704797,59.99999999999997,0.043889146,57.787918,1. train
1936-11-01,0.0977859778597785,86.99999999999994,0.04012259,55.746445,1. train
1936-12-01,0.3062730627306273,200.0,0.16257477,122.115524,1. train
1937-01-01,0.581180811808118,349.0,0.3775099,238.61037,1. train
1937-02-01,0.3634686346863469,231.0,0.4528051,279.42035,1. train
1937-03-01,0.2509225092250922,169.99999999999997,0.3218503,208.44287,1. train
1937-04-01,0.1605166051660516,120.99999999999996,0.15698658,119.08672,1. train
1937-05-01,0.1734317343173431,127.99999999999996,0.10250649,89.55852,1. train
1937-06-01,0.1125461254612546,95.0,0.086322576,80.786835,1. train
1937-07-01,0.07380073800738,73.99999999999996,0.061743386,67.46491,1. train
1937-08-01,0.051660516605166,61.99999999999997,0.06564546,69.579834,1. train
1937-09-01,0.0424354243542435,56.99999999999998,0.044848613,58.30795,1. train
1937-10-01,0.1881918819188192,136.0,0.0795183,77.09892,1. train
1937-11-01,0.2287822878228782,158.0,0.20552662,145.39543,1. train
1937-12-01,0.6346863468634686,378.0,0.34861237,222.9479,1. train
1938-01-01,0.4261992619926199,265.0,0.44141558,273.24725,1. train
1938-02-01,0.4870848708487085,298.0,0.4041245,253.03549,1. train
1938-03-01,0.3560885608856088,226.99999999999997,0.27049547,180.60855,1. train
1938-04-01,0.2214022140221402,154.0,0.1782411,130.60667,1. train
1938-05-01,0.1826568265682656,132.99999999999994,0.1499415,115.268295,1. train
1938-06-01,0.1309963099630996,105.0,0.10426442,90.511314,1. train
1938-07-01,0.0996309963099631,88.0,0.106877685,91.927704,1. train
1938-08-01,0.0940959409594095,84.99999999999994,0.06556146,69.53431,1. train
1938-09-01,0.1162361623616236,96.99999999999999,0.11289762,95.190506,1. train
1938-10-01,0.1678966789667896,124.99999999999997,0.10637902,91.657425,1. train
1938-11-01,0.1863468634686346,134.99999999999994,0.24591318,167.28494,1. train
1938-12-01,0.4095940959409594,256.0,0.33065513,213.21509,1. train
1939-01-01,0.4169741697416974,260.0,0.4375756,271.166,1. train
1939-02-01,0.4188191881918819,261.0,0.3515772,224.55484,1. train
1939-03-01,0.2121771217712177,149.0,0.26874816,179.66151,1. train
1939-04-01,0.2140221402214022,150.0,0.14301164,111.512314,1. train
1939-05-01,0.1346863468634686,106.99999999999997,0.14015287,109.96285,1. train
1939-06-01,0.0977859778597785,86.99999999999994,0.09044956,83.02366,1. train
1939-07-01,0.0830258302583025,78.99999999999996,0.093857296,84.87066,1. train
1939-08-01,0.0608856088560885,66.99999999999997,0.05558619,64.127716,1. train
1939-09-01,0.0535055350553505,62.99999999999998,0.07555349,74.94999,1. train
1939-10-01,0.070110701107011,71.99999999999996,0.07764097,76.08141,1. train
1939-11-01,0.1660516605166051,123.99999999999999,0.15900643,120.18149,1. train
1939-12-01,0.3413284132841328,219.0,0.26165685,175.81802,1. train
1940-01-01,0.4354243542435424,270.0,0.42157713,262.4948,1. train
1940-02-01,0.518450184501845,315.0,0.35845917,228.28488,1. train
1940-03-01,0.4077490774907749,254.99999999999997,0.36856115,233.76015,1. train
1940-04-01,0.2121771217712177,149.0,0.22577532,156.37022,1. train
1940-05-01,0.1457564575645756,112.99999999999997,0.14446665,112.30093,1. train
1940-06-01,0.1107011070110701,94.0,0.111088336,94.20988,1. train
1940-07-01,0.0793357933579335,76.99999999999996,0.083129,79.055916,1. train
1940-08-01,0.0571955719557195,64.99999999999996,0.06143286,67.29661,1. train
1940-09-01,0.055350553505535,63.99999999999997,0.055378508,64.01515,1. train
1940-10-01,0.084870848708487,79.99999999999996,0.06838692,71.06571,1. train
1940-11-01,0.2638376383763838,177.00000000000003,0.1511261,115.91035,1. train
1940-12-01,0.3302583025830258,212.99999999999997,0.3868761,243.68686,1. train
1941-01-01,0.3671586715867159,233.0,0.42415807,263.89368,1. train
1941-02-01,0.2103321033210332,147.99999999999997,0.34381676,220.3487,1. train
1941-03-01,0.2066420664206642,146.0,0.18642192,135.04068,1. train
1941-04-01,0.1568265682656826,118.99999999999996,0.12837803,103.580894,1. train
1941-05-01,0.0885608856088561,82.0,0.087746605,81.55866,1. train
1941-06-01,0.0719557195571955,72.99999999999996,0.07493515,74.61485,1. train
1941-07-01,0.0756457564575645,74.99999999999994,0.04858318,60.33208,1. train
1941-08-01,0.044280442804428,57.99999999999998,0.05101295,61.649017,1. train
1941-09-01,0.1014760147601476,89.0,0.044550013,58.146107,1. train
1941-10-01,0.1107011070110701,94.0,0.13221958,105.66301,1. train
1941-11-01,0.1217712177121771,99.99999999999999,0.17942624,131.24902,1. train
1941-12-01,0.3007380073800738,196.99999999999997,0.2582488,173.97086,1. train
1942-01-01,0.2398523985239852,163.99999999999997,0.3058973,199.79634,1. train
1942-02-01,0.2933579335793358,193.0,0.2503156,169.67107,1. train
1942-03-01,0.4298892988929889,267.0,0.20916678,147.3684,1. train
1942-04-01,0.1937269372693726,138.99999999999994,0.23581325,161.81078,1. train
1942-05-01,0.1457564575645756,112.99999999999997,0.09972216,88.04941,1. train
1942-06-01,0.1070110701107011,91.99999999999999,0.1134821,95.5073,1. train
1942-07-01,0.0885608856088561,82.0,0.07918453,76.918015,1. train
1942-08-01,0.059040590405904,65.99999999999997,0.06253388,67.893364,1. train
1942-09-01,0.0535055350553505,62.99999999999998,0.065044,69.253845,1. train
1942-10-01,0.1033210332103321,90.0,0.055611096,64.14121,1. train
1942-11-01,0.1457564575645756,112.99999999999997,0.10936725,93.27705,1. train
1942-12-01,0.2435424354243542,165.99999999999997,0.26660475,178.49979,1. train
1943-01-01,0.8118081180811807,474.0,0.3402742,218.42863,1. train
1943-02-01,0.5073800738007379,309.0,0.52752775,319.92004,1. train
1943-03-01,0.4575645756457564,282.0,0.4081811,255.23416,1. train
1943-04-01,0.1863468634686346,134.99999999999994,0.23247947,160.00388,1. train
1943-05-01,0.1143911439114391,96.0,0.13119988,105.11034,1. train
1943-06-01,0.1402214022140221,109.99999999999999,0.11982265,98.94388,1. train
1943-07-01,0.092250922509225,83.99999999999994,0.087516785,81.4341,1. train
1943-08-01,0.0830258302583025,78.99999999999996,0.07921768,76.93598,1. train
1943-09-01,0.07380073800738,73.99999999999996,0.057473283,65.15052,1. train
1943-10-01,0.1254612546125461,101.99999999999997,0.12542059,101.97796,1. train
1943-11-01,0.1254612546125461,101.99999999999997,0.14896797,114.74064,1. train
1943-12-01,0.2785977859778598,185.0,0.26100573,175.46512,1. train
1944-01-01,0.2324723247232472,159.99999999999997,0.346281,221.68431,1. train
1944-02-01,0.4022140221402214,252.0,0.28100997,186.30742,1. train
1944-03-01,0.4077490774907749,254.99999999999997,0.28850093,190.36751,1. train
1944-04-01,0.1734317343173431,127.99999999999996,0.25072968,169.8955,1. train
1944-05-01,0.1143911439114391,96.0,0.126568,102.59985,1. train
1944-06-01,0.0996309963099631,88.0,0.10702914,92.009796,1. train
1944-07-01,0.0793357933579335,76.99999999999996,0.0778142,76.1753,1. train
1944-08-01,0.059040590405904,65.99999999999997,0.050570343,61.409126,1. train
1944-09-01,0.051660516605166,61.99999999999997,0.0548478,63.727505,1. train
1944-10-01,0.0535055350553505,62.99999999999998,0.05055839,61.402645,1. train
1944-11-01,0.1051660516605166,91.0,0.10326131,89.96763,1. train
1944-12-01,0.1402214022140221,109.99999999999999,0.20238264,143.69139,1. train
1945-01-01,0.2084870848708487,147.0,0.23806258,163.0299,1. train
1945-02-01,0.459409594095941,283.0,0.30892965,201.43988,1. train
1945-03-01,0.2287822878228782,158.0,0.31016144,202.10751,1. train
1945-04-01,0.1715867158671586,126.99999999999997,0.19291066,138.55757,1. train
1945-05-01,0.1070110701107011,91.99999999999999,0.12041916,99.26718,1. train
1945-06-01,0.095940959409594,85.99999999999996,0.075620145,74.986115,1. train
1945-07-01,0.0682656826568265,70.99999999999997,0.06392923,68.64964,1. train
1945-08-01,0.044280442804428,57.99999999999998,0.042532597,57.05267,1. train
1945-09-01,0.03690036900369,53.99999999999998,0.045368373,58.589657,1. train
1945-10-01,0.040590405904059,55.99999999999998,0.03562419,53.30831,1. train
1945-11-01,0.1291512915129151,103.99999999999997,0.091824755,83.76901,1. train
1945-12-01,0.3136531365313653,203.99999999999997,0.18335733,133.37967,1. train
1946-01-01,0.7822878228782287,458.0,0.43348682,268.94986,1. train
1946-02-01,0.2361623616236162,161.99999999999997,0.4356808,270.139,1. train
1946-03-01,0.2656826568265683,178.0,0.22466521,155.76854,1. train
1946-04-01,0.2472324723247232,168.0,0.15489183,117.95137,1. train
1946-05-01,0.1309963099630996,105.0,0.10031836,88.37255,1. train
1946-06-01,0.1051660516605166,91.0,0.08570641,80.45287,1. train
1946-07-01,0.0867158671586715,80.99999999999996,0.07069413,72.31622,1. train
1946-08-01,0.059040590405904,65.99999999999997,0.076385155,75.40076,1. train
1946-09-01,0.0424354243542435,56.99999999999998,0.04601569,58.940506,1. train
1946-10-01,0.0977859778597785,86.99999999999994,0.12446283,101.458855,1. train
1946-11-01,0.1512915129151291,115.99999999999997,0.12752055,103.116135,1. train
1946-12-01,0.1457564575645756,112.99999999999997,0.25533617,172.39221,1. train
1947-01-01,0.3560885608856088,226.99999999999997,0.2983789,195.72137,1. train
1947-02-01,0.4059040590405904,254.0,0.34763578,222.4186,1. train
1947-03-01,1.0,576.0,0.33482346,215.47432,1. train
1947-04-01,0.3671586715867159,233.0,0.4405547,272.78067,1. train
1947-05-01,0.2029520295202952,144.0,0.16900752,125.60207,1. train
1947-06-01,0.1586715867158671,119.99999999999997,0.19278416,138.48903,1. train
1947-07-01,0.1402214022140221,109.99999999999999,0.11336841,95.44568,1. train
1947-08-01,0.1217712177121771,99.99999999999999,0.09598878,86.02592,1. train
1947-09-01,0.1365313653136531,107.99999999999999,0.0769718,75.71871,1. train
1947-10-01,0.1346863468634686,106.99999999999997,0.11584081,96.78571,1. train
1947-11-01,0.1512915129151291,115.99999999999997,0.07754643,76.03017,1. train
1947-12-01,0.3487084870848708,222.99999999999997,0.27644977,183.83578,1. train
1948-01-01,0.3468634686346863,221.99999999999997,0.4190235,261.11075,1. train
1948-02-01,0.3450184501845018,220.99999999999997,0.38449547,242.39655,1. train
1948-03-01,0.452029520295203,279.0,0.29562205,194.22716,1. train
1948-04-01,0.2416974169741697,164.99999999999997,0.2437783,166.12784,1. train
1948-05-01,0.1568265682656826,118.99999999999996,0.14304236,111.52895,1. train
1948-06-01,0.1273062730627306,102.99999999999999,0.13629647,107.87268,1. train
1948-07-01,0.0977859778597785,86.99999999999994,0.10518265,91.008995,1. train
1948-08-01,0.0756457564575645,74.99999999999994,0.07825306,76.413155,1. train
1948-09-01,0.0608856088560885,66.99999999999997,0.07788545,76.21391,1. train
1948-10-01,0.070110701107011,71.99999999999996,0.071967736,73.006516,1. train
1948-11-01,0.1512915129151291,115.99999999999997,0.10680948,91.89074,1. train
1948-12-01,0.3062730627306273,200.0,0.26727733,178.86432,1. train
1949-01-01,0.3911439114391144,246.00000000000003,0.41093594,256.7273,1. train
1949-02-01,0.4686346863468635,288.0,0.41088387,256.69907,1. train
1949-03-01,0.2859778597785978,189.0,0.350147,223.77968,1. train
1949-04-01,0.1734317343173431,127.99999999999996,0.1855263,134.55525,1. train
1949-05-01,0.1180811808118081,98.0,0.13525261,107.306915,1. train
1949-06-01,0.092250922509225,83.99999999999994,0.092989445,84.400276,1. train
1949-07-01,0.0756457564575645,74.99999999999994,0.07277967,73.44658,1. train
1949-08-01,0.059040590405904,65.99999999999997,0.047403682,59.692795,1. train
1949-09-01,0.040590405904059,55.99999999999998,0.051239263,61.771683,1. train
1949-10-01,0.070110701107011,71.99999999999996,0.06173155,67.4585,1. train
1949-11-01,0.084870848708487,79.99999999999996,0.14348449,111.76859,1. train
1949-12-01,0.2416974169741697,164.99999999999997,0.17553322,129.139,1. train
1950-01-01,0.4612546125461255,284.0,0.37290344,236.11366,1. train
1950-02-01,0.5904059040590406,354.00000000000006,0.36251765,230.48457,1. train
1950-03-01,0.3487084870848708,222.99999999999997,0.39821288,249.83139,1. train
1950-04-01,0.2380073800738007,163.0,0.24383204,166.15697,1. train
1950-05-01,0.1605166051660516,120.99999999999996,0.14978297,115.182365,1. train
1950-06-01,0.1125461254612546,95.0,0.102038994,89.30514,1. train
1950-07-01,0.0904059040590406,83.0,0.081167,77.99251,1. train
1950-08-01,0.0608856088560885,66.99999999999997,0.056801587,64.78646,1. train
1950-09-01,0.0535055350553505,62.99999999999998,0.056344293,64.538605,1. train
1950-10-01,0.07380073800738,73.99999999999996,0.05891564,65.93228,1. train
1950-11-01,0.2970479704797048,195.0,0.12778546,103.25972,1. train
1950-12-01,0.2970479704797048,195.0,0.37262854,235.96468,1. train
1951-01-01,0.3413284132841328,219.0,0.4088161,255.57834,1. train
1951-02-01,0.3671586715867159,233.0,0.3332502,214.62161,1. train
1951-03-01,0.3763837638376384,238.0,0.2734767,182.22438,1. train
1951-04-01,0.2324723247232472,159.99999999999997,0.18902233,136.4501,1. train
1951-05-01,0.1383763837638376,108.99999999999997,0.12619682,102.398674,1. train
1951-06-01,0.1051660516605166,91.0,0.11420284,95.89794,1. train
1951-07-01,0.084870848708487,79.99999999999996,0.07822032,76.39542,1. train
1951-08-01,0.066420664206642,69.99999999999996,0.07447023,74.36287,1. train
1951-09-01,0.0461254612546125,58.99999999999997,0.04625286,59.06905,1. train
1951-10-01,0.062730627306273,67.99999999999997,0.08151491,78.18108,1. train
1951-11-01,0.0793357933579335,76.99999999999996,0.119510874,98.774895,1. train
1951-12-01,0.1937269372693726,138.99999999999994,0.17294414,127.735725,1. train
1952-01-01,0.3985239852398524,250.0,0.3190715,206.93677,1. train
1952-02-01,0.4243542435424354,264.0,0.39801645,249.72493,1. train
1952-03-01,0.4944649446494465,302.0,0.35620764,227.06454,1. train
1952-04-01,0.2214022140221402,154.0,0.32807532,211.81683,1. train
1952-05-01,0.1365313653136531,107.99999999999999,0.12313686,100.74018,1. train
1952-06-01,0.1254612546125461,101.99999999999997,0.12211582,100.186775,1. train
1952-07-01,0.0830258302583025,78.99999999999996,0.079548486,77.11528,1. train
1952-08-01,0.062730627306273,67.99999999999997,0.06702408,70.32705,1. train
1952-09-01,0.0867158671586715,80.99999999999996,0.0447016,58.228264,1. train
1952-10-01,0.062730627306273,67.99999999999997,0.06377044,68.563576,1. train
1952-11-01,0.1660516605166051,123.99999999999999,0.08016993,77.4521,1. train
1952-12-01,0.2822878228782288,187.0,0.27882466,185.12297,1. train
1953-01-01,0.1143911439114391,96.0,0.38226327,241.1867,1. train
1953-02-01,0.1697416974169741,125.99999999999996,0.21099699,148.36037,1. train
1953-03-01,0.1752767527675277,129.0,0.20359899,144.35065,1. train
1953-04-01,0.1955719557195572,140.0,0.11257222,95.014145,1. train
1953-05-01,0.1070110701107011,91.99999999999999,0.096242994,86.163704,1. train
1953-06-01,0.070110701107011,71.99999999999996,0.07471183,74.49381,1. train
1953-07-01,0.047970479704797,59.99999999999997,0.06721264,70.42925,1. train
1953-08-01,0.033210332103321,51.99999999999998,0.046315964,59.103252,1. train
1953-09-01,0.0350553505535055,52.99999999999998,0.052762404,62.59722,1. train
1953-10-01,0.0387453874538745,54.99999999999998,0.03591643,53.466705,1. train
1953-11-01,0.1070110701107011,91.99999999999999,0.086316004,80.78327,1. train
1953-12-01,0.2214022140221402,154.0,0.1722017,127.33331,1. train
1954-01-01,0.1771217712177121,129.99999999999997,0.34028408,218.43398,1. train
1954-02-01,0.2416974169741697,164.99999999999997,0.26964918,180.14986,1. train
1954-03-01,0.1476014760147601,113.99999999999996,0.2420791,165.20686,1. train
1954-04-01,0.0904059040590406,83.0,0.109961376,93.59907,1. train
1954-05-01,0.095940959409594,85.99999999999996,0.070342824,72.12581,1. train
1954-06-01,0.1162361623616236,96.99999999999999,0.05425594,63.40672,1. train
1954-07-01,0.0313653136531365,50.999999999999986,0.048067454,60.052563,1. train
1954-08-01,0.014760147601476,41.999999999999986,0.0316933,51.17777,1. train
1954-09-01,0.0092250922509225,38.99999999999999,0.03451449,52.706856,1. train
1954-10-01,0.03690036900369,53.99999999999998,0.0316933,51.17777,1. train
1954-11-01,0.1088560885608856,93.0,0.083429955,79.21904,1. train
1954-12-01,0.1494464944649446,114.99999999999999,0.19809385,141.36687,1. train
1955-01-01,0.3819188191881918,240.99999999999997,0.27813193,184.74751,1. train
1955-02-01,0.1715867158671586,126.99999999999997,0.3290209,212.32933,1. train
1955-03-01,0.1365313653136531,107.99999999999999,0.22150952,154.05817,1. train
1955-04-01,0.1070110701107011,91.99999999999999,0.10693179,91.95703,1. train
1955-05-01,0.062730627306273,67.99999999999997,0.06318866,68.24825,1. train
1955-06-01,0.0498154981549815,60.99999999999997,0.046736196,59.331017,1. train
1955-07-01,0.033210332103321,51.99999999999998,0.0316933,51.17777,1. train
1955-08-01,0.03690036900369,53.99999999999998,0.0316933,51.17777,1. train
1955-09-01,0.03690036900369,53.99999999999998,0.0316933,51.17777,1. train
1955-10-01,0.0571955719557195,64.99999999999996,0.07458748,74.426414,1. train
1955-11-01,0.1180811808118081,98.0,0.09050492,83.05367,1. train
1955-12-01,0.3542435424354244,226.00000000000003,0.23002191,158.67188,1. train
1956-01-01,0.2121771217712177,149.0,0.3137835,204.07066,1. train
1956-02-01,0.1771217712177121,129.99999999999997,0.26267797,176.37146,1. train
1956-03-01,0.3210332103321033,208.0,0.16116826,121.353195,1. train
1956-04-01,0.1217712177121771,99.99999999999999,0.18072218,131.95142,1. train
1956-05-01,0.0996309963099631,88.0,0.06513374,69.30249,1. train
1956-06-01,0.0830258302583025,78.99999999999996,0.07494089,74.61796,1. train
1956-07-01,0.066420664206642,69.99999999999996,0.04920627,60.6698,1. train
1956-08-01,0.0498154981549815,60.99999999999997,0.03717408,54.148354,1. train
1956-09-01,0.044280442804428,57.99999999999998,0.058366083,65.634415,1. train
1956-10-01,0.0645756457564575,68.99999999999997,0.05378712,63.15262,1. train
1956-11-01,0.0645756457564575,68.99999999999997,0.09998816,88.19358,1. train
1956-12-01,0.2638376383763838,177.00000000000003,0.20438717,144.77785,1. train
1957-01-01,0.3431734317343173,219.99999999999997,0.32653102,210.97983,1. train
1957-02-01,0.3118081180811808,203.0,0.368702,233.83649,1. train
1957-03-01,0.444649446494465,275.0,0.27597108,183.57634,1. train
1957-04-01,0.3376383763837638,216.99999999999997,0.27571714,183.43869,1. train
1957-05-01,0.1900369003690037,137.0,0.16360648,122.67471,1. train
1957-06-01,0.0885608856088561,82.0,0.120240405,99.170296,1. train
1957-07-01,0.0885608856088561,82.0,0.09501469,85.49796,1. train
1957-08-01,0.0645756457564575,68.99999999999997,0.06553144,69.51804,1. train
1957-09-01,0.1328413284132841,105.99999999999999,0.060110427,66.57985,1. train
1957-10-01,0.0867158671586715,80.99999999999996,0.06933713,71.58073,1. train
1957-11-01,0.2140221402214022,150.0,0.08891545,82.19218,1. train
1957-12-01,0.2232472324723247,154.99999999999997,0.33007756,212.90204,1. train
1958-01-01,0.3708487084870849,235.0,0.33302,214.49684,1. train
1958-02-01,0.4206642066420664,262.0,0.40290835,252.37634,1. train
1958-03-01,0.2195571955719557,152.99999999999997,0.28538385,188.67805,1. train
1958-04-01,0.1494464944649446,114.99999999999999,0.13544425,107.41078,1. train
1958-05-01,0.1494464944649446,114.99999999999999,0.11835338,98.14753,1. train
1958-06-01,0.1217712177121771,99.99999999999999,0.09844753,87.35856,1. train
1958-07-01,0.1088560885608856,93.0,0.06732124,70.48811,1. train
1958-08-01,0.077490774907749,75.99999999999997,0.07564989,75.002235,1. train
1958-09-01,0.1494464944649446,114.99999999999999,0.06326537,68.289825,1. train
1958-10-01,0.2287822878228782,158.0,0.12141588,99.80741,1. train
1958-11-01,0.2527675276752767,170.99999999999997,0.29697952,194.9629,1. train
1958-12-01,0.3154981549815498,205.0,0.32184637,208.44073,1. train
1959-01-01,0.3487084870848708,222.99999999999997,0.32269228,208.89922,1. train
1959-02-01,0.1955719557195572,140.0,0.2515301,170.32933,1. train
1959-03-01,0.2084870848708487,147.0,0.12663892,102.63829,1. train
1959-04-01,0.1771217712177121,129.99999999999997,0.12549646,102.01908,1. train
1959-05-01,0.084870848708487,79.99999999999996,0.09630814,86.19901,1. train
1959-06-01,0.07380073800738,73.99999999999996,0.087043434,81.17754,1. train
1959-07-01,0.070110701107011,71.99999999999996,0.06548999,69.495575,1. train
1959-08-01,0.084870848708487,79.99999999999996,0.060956232,67.03828,1. train
1959-09-01,0.1014760147601476,89.0,0.090114385,82.841995,1. train
1959-10-01,0.0608856088560885,66.99999999999997,0.1431371,111.58031,1. train
1959-11-01,0.1752767527675277,129.0,0.117809296,97.85264,1. train
1959-12-01,0.1845018450184501,133.99999999999997,0.28453878,188.22002,1. train
1960-01-01,0.3302583025830258,212.99999999999997,0.2724586,181.67258,1. train
1960-02-01,0.3081180811808118,201.0,0.29949883,196.32837,1. train
1960-03-01,0.4114391143911439,257.0,0.24794464,168.38599,1. train
1960-04-01,0.2250922509225092,156.0,0.22456367,155.71352,1. train
1960-05-01,0.1808118081180811,131.99999999999997,0.10680504,91.88833,1. train
1960-06-01,0.1291512915129151,103.99999999999997,0.123319894,100.83938,1. train
1960-07-01,0.092250922509225,83.99999999999994,0.07800098,76.27653,1. train
1960-08-01,0.070110701107011,71.99999999999996,0.08685851,81.07731,1. train
1960-09-01,0.0571955719557195,64.99999999999996,0.043056164,57.33644,1. train
1960-10-01,0.0682656826568265,70.99999999999997,0.067039065,70.335175,1. train
1960-11-01,0.1143911439114391,96.0,0.07298664,73.55876,1. train
1960-12-01,0.3136531365313653,203.99999999999997,0.19571121,140.07547,1. train
1961-01-01,0.6771217712177121,401.0,0.41304925,257.8727,1. train
1961-02-01,0.6771217712177121,401.0,0.5164785,313.93134,1. train
1961-03-01,0.6309963099630995,376.0,0.47358826,290.68484,1. train
1961-04-01,0.3210332103321033,208.0,0.35839444,228.2498,1. train
1961-05-01,0.2472324723247232,168.0,0.17290401,127.713974,1. train
1961-06-01,0.1660516605166051,123.99999999999999,0.16928476,125.75234,1. train
1961-07-01,0.1217712177121771,99.99999999999999,0.110303774,93.784645,1. train
1961-08-01,0.092250922509225,83.99999999999994,0.1096144,93.411,1. train
1961-09-01,0.0682656826568265,70.99999999999997,0.078073606,76.315895,1. train
1961-10-01,0.059040590405904,65.99999999999997,0.087920696,81.653015,1. train
1961-11-01,0.1107011070110701,94.0,0.113438755,95.4838,1. train
1961-12-01,0.1549815498154981,117.99999999999997,0.21859257,152.47717,1. train
1962-01-01,0.2509225092250922,169.99999999999997,0.29124066,191.85245,1. train
1962-02-01,0.654981549815498,389.0,0.40251976,252.16573,1. train
1962-03-01,0.3007380073800738,196.99999999999997,0.41370085,258.22586,1. train
1962-04-01,0.1863468634686346,134.99999999999994,0.2529486,171.09816,1. train
1962-05-01,0.1383763837638376,108.99999999999997,0.15989845,120.664955,1. train
1962-06-01,0.0940959409594095,84.99999999999994,0.10036068,88.395485,1. train
1962-07-01,0.0645756457564575,68.99999999999997,0.07504043,74.67191,1. train
1962-08-01,0.0535055350553505,62.99999999999998,0.056574978,64.663635,1. train
1962-09-01,0.0682656826568265,70.99999999999997,0.0576128,65.226135,1. train
1962-10-01,0.1070110701107011,91.99999999999999,0.043306902,57.47234,1. train
1962-11-01,0.1642066420664206,122.99999999999996,0.15257132,116.69366,1. train
1962-12-01,0.3837638376383764,242.0,0.23893929,163.5051,1. train
1963-01-01,0.4354243542435424,270.0,0.4815219,294.98486,1. train
1963-02-01,0.2859778597785978,189.0,0.35552034,226.69203,1. train
1963-03-01,0.2214022140221402,154.0,0.22996144,158.6391,1. train
1963-04-01,0.1107011070110701,94.0,0.13763598,108.5987,1. train
1963-05-01,0.0867158671586715,80.99999999999996,0.0918933,83.80617,1. train
1963-06-01,0.0682656826568265,70.99999999999997,0.069806084,71.8349,1. train
1963-07-01,0.055350553505535,63.99999999999997,0.04777817,59.89577,1. train
1963-08-01,0.044280442804428,57.99999999999998,0.04085786,56.14496,1. train
1963-09-01,0.025830258302583,47.999999999999986,0.055595838,64.13294,1. train
1963-10-01,0.033210332103321,51.99999999999998,0.078581505,76.59118,1. train
1963-11-01,0.070110701107011,71.99999999999996,0.11505838,96.36164,1. train
1963-12-01,0.0387453874538745,54.99999999999998,0.20501406,145.11761,1. train
1964-01-01,0.2822878228782288,187.0,0.18270452,133.02585,1. train
1964-02-01,0.470479704797048,289.0,0.30263972,198.03073,1. train
1964-03-01,0.1900369003690037,137.0,0.33107957,213.44513,1. train
1964-04-01,0.0940959409594095,84.99999999999994,0.1943359,139.33005,1. train
1964-05-01,0.0719557195571955,72.99999999999996,0.09905435,87.687454,1. train
1964-06-01,0.040590405904059,55.99999999999998,0.056069173,64.38949,1. train
1964-07-01,0.0461254612546125,58.99999999999997,0.039502177,55.410183,1. train
1964-08-01,0.018450184501845,43.99999999999999,0.0316933,51.17777,1. train
1964-09-01,0.003690036900369,35.99999999999999,0.036213774,53.627865,1. train
1964-10-01,0.070110701107011,71.99999999999996,0.032405157,51.563595,1. train
1964-11-01,0.0830258302583025,78.99999999999996,0.09577195,85.9084,1. train
1964-12-01,0.2195571955719557,152.99999999999997,0.16604371,123.99569,1. train
1965-01-01,0.5571955719557194,336.0,0.3528601,225.25018,1. train
1965-02-01,0.8044280442804428,470.0,0.35226896,224.92978,1. train
1965-03-01,0.5166051660516605,314.00000000000006,0.4231677,263.3569,1. train
1965-04-01,0.2140221402214022,150.0,0.32747528,211.49161,1. train
1965-05-01,0.2324723247232472,159.99999999999997,0.15538661,118.21954,1. train
1965-06-01,0.1217712177121771,99.99999999999999,0.1273566,103.027275,1. train
1965-07-01,0.1051660516605166,91.0,0.07989515,77.30317,1. train
1965-08-01,0.081180811808118,77.99999999999996,0.07142843,72.71421,1. train
1965-09-01,0.0571955719557195,64.99999999999996,0.065873116,69.703224,1. train
1965-10-01,0.0977859778597785,86.99999999999994,0.065969825,69.755646,1. train
1965-11-01,0.1586715867158671,119.99999999999997,0.147788,114.1011,1. train
1965-12-01,0.3247232472324723,210.0,0.24821818,168.53426,1. train
1966-01-01,0.7380073800738006,433.99999999999994,0.44394004,274.6155,1. train
1966-02-01,0.4501845018450184,278.0,0.49958804,304.77673,1. train
1966-03-01,0.5166051660516605,314.00000000000006,0.3804147,240.18477,1. train
1966-04-01,0.2546125461254612,171.99999999999997,0.27006808,180.3769,1. train
1966-05-01,0.1623616236162361,121.99999999999997,0.14940801,114.97914,1. train
1966-06-01,0.1107011070110701,94.0,0.13675083,108.11895,1. train
1966-07-01,0.081180811808118,77.99999999999996,0.09013341,82.85231,1. train
1966-08-01,0.0608856088560885,66.99999999999997,0.08090597,77.851036,1. train
1966-09-01,0.0424354243542435,56.99999999999998,0.056016844,64.36113,1. train
1966-10-01,0.1033210332103321,90.0,0.10185972,89.20797,1. train
1966-11-01,0.1752767527675277,129.0,0.13258982,105.86368,1. train
1966-12-01,0.3763837638376384,238.0,0.33509603,215.62206,1. train
1967-01-01,0.614391143911439,367.0,0.43497235,269.755,1. train
1967-02-01,0.629151291512915,375.0,0.48028782,294.316,1. train
1967-03-01,0.4188191881918819,261.0,0.43617412,270.40637,1. train
1967-04-01,0.2361623616236162,161.99999999999997,0.22655246,156.79144,1. train
1967-05-01,0.1365313653136531,107.99999999999999,0.1669548,124.4895,1. train
1967-06-01,0.1439114391143911,111.99999999999999,0.116424754,97.10222,1. train
1967-07-01,0.1180811808118081,98.0,0.09395997,84.9263,1. train
1967-08-01,0.0645756457564575,68.99999999999997,0.07124923,72.61708,1. train
1967-09-01,0.0719557195571955,72.99999999999996,0.06786205,70.78123,1. train
1967-10-01,0.0867158671586715,80.99999999999996,0.09140101,83.539345,1. train
1967-11-01,0.2121771217712177,149.0,0.1703954,126.35431,1. train
1967-12-01,0.1974169741697417,141.0,0.32146323,208.23308,1. train
1968-01-01,0.2656826568265683,178.0,0.32854354,212.0706,1. train
1968-02-01,0.1605166051660516,120.99999999999996,0.29832166,195.69035,1. train
1968-03-01,0.1494464944649446,114.99999999999999,0.1758924,129.33368,1. train
1968-04-01,0.077490774907749,75.99999999999997,0.109655544,93.433304,1. train
1968-05-01,0.055350553505535,63.99999999999997,0.06946494,71.649994,1. train
1968-06-01,0.0387453874538745,54.99999999999998,0.066405706,69.9919,1. train
1968-07-01,0.0276752767527675,48.999999999999986,0.0316933,51.17777,1. train
1968-08-01,0.0276752767527675,48.999999999999986,0.038564183,54.901787,1. train
1968-09-01,0.033210332103321,51.99999999999998,0.0316933,51.17777,1. train
1968-10-01,0.047970479704797,59.99999999999997,0.08647595,80.869965,1. train
1968-11-01,0.025830258302583,47.999999999999986,0.115719765,96.72011,1. train
1968-12-01,0.2878228782287823,190.0,0.13331814,106.25843,1. train
1969-01-01,0.3597785977859778,228.99999999999997,0.29303288,192.82384,1. train
1969-02-01,0.3763837638376384,238.0,0.31600538,205.27492,1. train
1969-03-01,0.2712177121771217,180.99999999999997,0.30567682,199.67685,1. train
1969-04-01,0.1328413284132841,105.99999999999999,0.18723086,135.47913,1. train
1969-05-01,0.1088560885608856,93.0,0.09225843,84.004074,1. train
1969-06-01,0.077490774907749,75.99999999999997,0.068227634,70.97938,1. train
1969-07-01,0.0498154981549815,60.99999999999997,0.05458851,63.58697,1. train
1969-08-01,0.0461254612546125,58.99999999999997,0.0316933,51.17777,1. train
1969-09-01,0.0239852398523985,46.999999999999986,0.03921356,55.25375,1. train
1969-10-01,0.066420664206642,69.99999999999996,0.041472558,56.478127,1. train
1969-11-01,0.2029520295202952,144.0,0.117530584,97.70158,1. train
1969-12-01,0.2232472324723247,154.99999999999997,0.3217615,208.39473,1. train
1970-01-01,0.2306273062730627,159.0,0.336503,216.38463,1. train
1970-02-01,0.2029520295202952,144.0,0.2731383,182.04097,1. train
1970-03-01,0.1900369003690037,137.0,0.19127473,137.67091,1. train
1970-04-01,0.1088560885608856,93.0,0.109306335,93.24403,1. train
1970-05-01,0.059040590405904,65.99999999999997,0.070525,72.22455,1. train
1970-06-01,0.0498154981549815,60.99999999999997,0.056498557,64.622215,1. train
1970-07-01,0.040590405904059,55.99999999999998,0.03447933,52.687798,1. train
1970-08-01,0.0424354243542435,56.99999999999998,0.032442603,51.583893,1. train
1970-09-01,0.0682656826568265,70.99999999999997,0.0316933,51.17777,1. train
1970-10-01,0.0719557195571955,72.99999999999996,0.08632626,80.78883,1. train
1970-11-01,0.1143911439114391,96.0,0.14837764,114.42068,1. train
1970-12-01,0.062730627306273,67.99999999999997,0.24004024,164.10182,1. train
1971-01-01,0.1254612546125461,101.99999999999997,0.1633913,122.55809,1. train
1971-02-01,0.0350553505535055,52.99999999999998,0.20412338,144.63487,1. train
1971-03-01,0.0756457564575645,74.99999999999994,0.051181614,61.740433,1. train
1971-04-01,0.044280442804428,57.99999999999998,0.06370409,68.52762,1. train
1971-05-01,0.014760147601476,41.999999999999986,0.0316933,51.17777,1. train
1971-06-01,0.040590405904059,55.99999999999998,0.0316933,51.17777,1. train
1971-07-01,0.011070110701107,39.99999999999999,0.0316933,51.17777,1. train
1971-08-01,0.0,34.0,0.0316933,51.17777,1. train
1971-09-01,0.014760147601476,41.999999999999986,0.0316933,51.17777,1. train
1971-10-01,0.0645756457564575,68.99999999999997,0.058940187,65.94558,1. train
1971-11-01,0.1236162361623616,100.99999999999999,0.10099147,88.73737,1. train
1971-12-01,0.3523985239852398,224.99999999999997,0.23803167,163.01317,1. train
1972-01-01,0.2084870848708487,147.0,0.2789399,185.18544,1. train
1972-02-01,0.3394833948339483,217.99999999999997,0.24882129,168.86115,1. train
1972-03-01,0.3653136531365313,231.99999999999997,0.23710239,162.5095,1. train
1972-04-01,0.1642066420664206,122.99999999999996,0.21207829,148.94643,1. train
1972-05-01,0.0867158671586715,80.99999999999996,0.09030372,82.94462,1. train
1972-06-01,0.062730627306273,67.99999999999997,0.077592805,76.0553,1. train
1972-07-01,0.0793357933579335,76.99999999999996,0.05528575,63.964878,1. train
1972-08-01,0.0571955719557195,64.99999999999996,0.039530136,55.42533,1. train
1972-09-01,0.033210332103321,51.99999999999998,0.04861635,60.35006,1. train
1972-10-01,0.1309963099630996,105.0,0.045219705,58.50908,1. train
1972-11-01,0.2453874538745387,166.99999999999997,0.18254142,132.93744,1. train
1972-12-01,0.2361623616236162,161.99999999999997,0.3863517,243.40263,1. train
1973-01-01,0.3745387453874538,236.99999999999994,0.32723615,211.362,1. train
1973-02-01,0.3394833948339483,217.99999999999997,0.30784157,200.85014,1. train
1973-03-01,0.2380073800738007,163.0,0.23728737,162.60976,1. train
1973-04-01,0.1974169741697417,141.0,0.13445617,106.875244,1. train
1973-05-01,0.1254612546125461,101.99999999999997,0.1072353,92.12153,1. train
1973-06-01,0.066420664206642,69.99999999999996,0.08020203,77.4695,1. train
1973-07-01,0.066420664206642,69.99999999999996,0.06778078,70.73718,1. train
1973-08-01,0.033210332103321,51.99999999999998,0.05227016,62.330425,1. train
1973-09-01,0.033210332103321,51.99999999999998,0.044660985,58.206253,1. train
1973-10-01,0.0977859778597785,86.99999999999994,0.08229778,78.6054,1. train
1973-11-01,0.1789667896678967,131.0,0.13586222,107.63732,1. train
1973-12-01,0.2730627306273063,182.0,0.2843069,188.09436,1. train
1974-01-01,0.3321033210332103,213.99999999999997,0.37488532,237.18785,1. train
1974-02-01,0.2250922509225092,156.0,0.31760255,206.14058,1. train
1974-03-01,0.3154981549815498,205.0,0.20347205,144.28186,1. train
1974-04-01,0.2435424354243542,165.99999999999997,0.16667293,124.33672,1. train
1974-05-01,0.1143911439114391,96.0,0.09872347,87.50812,1. train
1974-06-01,0.1180811808118081,98.0,0.08542004,80.29766,1. train
1974-07-01,0.07380073800738,73.99999999999996,0.08047922,77.619736,1. train
1974-08-01,0.0498154981549815,60.99999999999997,0.051304385,61.806976,1. train
1974-09-01,0.022140221402214,45.999999999999986,0.048336852,60.198574,1. train
1974-10-01,0.0571955719557195,64.99999999999996,0.060506962,66.79477,1. train
1974-11-01,0.0424354243542435,56.99999999999998,0.083684355,79.35692,1. train
1974-12-01,0.1881918819188192,136.0,0.12947258,104.17414,1. train
1975-01-01,0.2287822878228782,158.0,0.3213637,208.17912,1. train
1975-02-01,0.2398523985239852,163.99999999999997,0.3252394,210.27975,1. train
1975-03-01,0.1476014760147601,113.99999999999996,0.2842529,188.06508,1. train
1975-04-01,0.0904059040590406,83.0,0.15691277,119.04672,1. train
1975-05-01,0.0571955719557195,64.99999999999996,0.07670416,75.573654,1. train
1975-06-01,0.0350553505535055,52.99999999999998,0.049947437,61.07151,1. train
1975-07-01,0.03690036900369,53.99999999999998,0.034363963,52.625267,1. train
1975-08-01,0.0129151291512915,40.99999999999999,0.0316933,51.17777,1. train
1975-09-01,0.007380073800738,38.0,0.0316933,51.17777,1. train
1975-10-01,0.0498154981549815,60.99999999999997,0.0316933,51.17777,1. train
1975-11-01,0.1863468634686346,134.99999999999994,0.09347266,84.66218,1. train
1975-12-01,0.2177121771217712,152.0,0.2990974,196.1108,1. train
1976-01-01,0.1642066420664206,122.99999999999996,0.30862397,201.2742,1. train
1976-02-01,0.2047970479704797,145.0,0.23247887,160.00354,1. train
1976-03-01,0.1900369003690037,137.0,0.18466526,134.08858,1. train
1976-04-01,0.1143911439114391,96.0,0.10496232,90.88957,1. train
1976-05-01,0.1033210332103321,90.0,0.060543,66.81431,1. train
1976-06-01,0.0793357933579335,76.99999999999996,0.056196023,64.458244,1. train
1976-07-01,0.0885608856088561,82.0,0.03780216,54.48877,1. train
1976-08-01,0.0904059040590406,83.0,0.040857874,56.144966,1. train
1976-09-01,0.1439114391143911,111.99999999999999,0.051611952,61.97368,1. train
1976-10-01,0.1199261992619926,98.99999999999999,0.11612789,96.941315,1. train
1976-11-01,0.2084870848708487,147.0,0.18572561,134.66328,1. train
1976-12-01,0.3247232472324723,210.0,0.29123667,191.85028,1. train
1977-01-01,0.3634686346863469,231.0,0.30713126,200.46515,1. train
1977-02-01,0.2970479704797048,195.0,0.28212824,186.91351,1. train
1977-03-01,0.2804428044280443,186.0,0.17299174,127.76152,1. train
1977-04-01,0.2306273062730627,159.0,0.13565025,107.52243,1. train
1977-05-01,0.1512915129151291,115.99999999999997,0.11247076,94.95915,1. train
1977-06-01,0.0867158671586715,80.99999999999996,0.10492334,90.86845,1. train
1977-07-01,0.062730627306273,67.99999999999997,0.08499086,80.06505,1. train
1977-08-01,0.03690036900369,53.99999999999998,0.0668312,70.22251,1. train
1977-09-01,0.0756457564575645,74.99999999999994,0.06013777,66.59467,1. train
1977-10-01,0.055350553505535,63.99999999999997,0.08512552,80.13803,1. train
1977-11-01,0.1715867158671586,126.99999999999997,0.112286374,94.859215,1. train
1977-12-01,0.2324723247232472,159.99999999999997,0.29294708,192.77733,1. train
1978-01-01,0.452029520295203,279.0,0.35681733,227.395,1. train
1978-02-01,0.2527675276752767,170.99999999999997,0.3900455,245.40466,1. train
1978-03-01,0.2177121771217712,152.0,0.24735066,168.06407,1. train
1978-04-01,0.1254612546125461,101.99999999999997,0.14462298,112.38566,1. train
1978-05-01,0.0940959409594095,84.99999999999994,0.08357916,79.29991,1. train
1978-06-01,0.0756457564575645,74.99999999999994,0.07503182,74.667244,1. train
1978-07-01,0.0608856088560885,66.99999999999997,0.03478407,52.852966,1. train
1978-08-01,0.033210332103321,51.99999999999998,0.048954733,60.533463,1. train
1978-09-01,0.0276752767527675,48.999999999999986,0.034541115,52.721283,1. train
1978-10-01,0.0940959409594095,84.99999999999994,0.08353293,79.27485,1. train
1978-11-01,0.1697416974169741,125.99999999999996,0.12425409,101.34572,1. train
1978-12-01,0.1697416974169741,125.99999999999996,0.2979254,195.47559,1. train
1979-01-01,0.2177121771217712,152.0,0.27069467,180.71652,1. train
1979-02-01,0.566420664206642,341.0,0.25720772,173.40659,1. train
1979-03-01,0.3062730627306273,200.0,0.32851925,212.05745,1. train
1979-04-01,0.1531365313653136,116.99999999999999,0.20722312,146.31494,1. train
1979-05-01,0.1162361623616236,96.99999999999999,0.12628677,102.44743,1. train
1979-06-01,0.0793357933579335,76.99999999999996,0.08372535,79.379135,1. train
1979-07-01,0.077490774907749,75.99999999999997,0.061443888,67.30259,1. train
1979-08-01,0.077490774907749,75.99999999999997,0.051501542,61.913834,1. train
1979-09-01,0.0940959409594095,84.99999999999994,0.053418253,62.952694,1. train
1979-10-01,0.062730627306273,67.99999999999997,0.059779778,66.40064,1. train
1979-11-01,0.1494464944649446,114.99999999999999,0.1287986,103.808846,1. train
1979-12-01,0.3210332103321033,208.0,0.22422433,155.52959,1. train
1980-01-01,0.503690036900369,307.0,0.3974783,249.43326,1. train
1980-02-01,0.3339483394833948,214.99999999999997,0.36089757,229.60649,1. train
1980-03-01,0.2472324723247232,168.0,0.2657311,178.02626,1. train
1980-04-01,0.3339483394833948,214.99999999999997,0.15156958,116.15071,1. train
1980-05-01,0.1365313653136531,107.99999999999999,0.14208512,111.01013,1. train
1980-06-01,0.1199261992619926,98.99999999999999,0.09068677,83.15223,1. train
1980-07-01,0.0904059040590406,83.0,0.094986424,85.48264,1. train
1980-08-01,0.0682656826568265,70.99999999999997,0.06673694,70.17142,1. train
1980-09-01,0.0535055350553505,62.99999999999998,0.059492067,66.2447,1. train
1980-10-01,0.0498154981549815,60.99999999999997,0.08063233,77.70272,1. train
1980-11-01,0.1974169741697417,141.0,0.11003649,93.63978,1. train
1980-12-01,0.3763837638376384,238.0,0.27009308,180.39046,1. train
1981-01-01,0.581180811808118,349.0,0.46216217,284.4919,1. train
1981-02-01,0.2970479704797048,195.0,0.4299734,267.0456,1. train
1981-03-01,0.2785977859778598,185.0,0.27001303,180.34708,1. train
1981-04-01,0.1974169741697417,141.0,0.16374753,122.75116,1. train
1981-05-01,0.1217712177121771,99.99999999999999,0.10974902,93.48397,1. train
1981-06-01,0.1033210332103321,90.0,0.09096939,83.30541,1. train
1981-07-01,0.0682656826568265,70.99999999999997,0.06899077,71.393,1. train
1981-08-01,0.066420664206642,69.99999999999996,0.06247337,67.860565,1. train
1981-09-01,0.0387453874538745,54.99999999999998,0.05307486,62.76657,1. train
1981-10-01,0.1051660516605166,91.0,0.09700686,86.57771,1. train
1981-11-01,0.2490774907749077,168.99999999999997,0.14844857,114.45912,1. train
1981-12-01,0.4538745387453874,280.0,0.37220058,235.73273,1. train
1982-01-01,0.4944649446494465,302.0,0.3999152,250.75404,1. train
1982-02-01,0.3634686346863469,231.0,0.39539245,248.30272,1. train
1982-03-01,0.5940959409594095,356.0,0.26202568,176.01793,1. train
1982-04-01,0.3634686346863469,231.0,0.23586418,161.83838,1. train
1982-05-01,0.1937269372693726,138.99999999999994,0.14428243,112.20107,1. train
1982-06-01,0.1586715867158671,119.99999999999997,0.15010501,115.35692,1. train
1982-07-01,0.1051660516605166,91.0,0.11999343,99.03644,1. train
1982-08-01,0.0830258302583025,78.99999999999996,0.08876411,82.11015,1. train
1982-09-01,0.051660516605166,61.99999999999997,0.08659263,80.933205,1. train
1982-10-01,0.1420664206642066,110.99999999999997,0.09308162,84.45024,1. train
1982-11-01,0.1568265682656826,118.99999999999996,0.15105058,115.869415,1. train
1982-12-01,0.3892988929889299,245.0,0.30898467,201.4697,1. train
1983-01-01,0.8468634686346863,493.0,0.49813905,303.99136,1. train
1983-02-01,0.654981549815498,389.0,0.60644275,362.69196,1. train
1983-03-01,0.7416974169741697,436.0,0.5081148,309.39822,1. train
1983-04-01,0.5498154981549815,332.0,0.34237102,219.5651,1. train
1983-05-01,0.3394833948339483,217.99999999999997,0.2062594,145.7926,1. train
1983-06-01,0.5498154981549815,332.0,0.20708297,146.23897,1. train
1983-07-01,0.2952029520295203,194.0,0.21796735,152.1383,1. train
1983-08-01,0.1789667896678967,131.0,0.16110365,121.31818,1. train
1983-09-01,0.452029520295203,279.0,0.1863347,134.99341,1. train
1983-10-01,0.3487084870848708,222.99999999999997,0.25117755,170.13824,1. train
1983-11-01,0.4372693726937269,271.0,0.24590634,167.28123,1. train
1983-12-01,0.6678966789667896,396.0,0.51077527,310.84018,1. train
1984-01-01,0.5147601476014759,313.0,0.546978,330.46207,1. train
1984-02-01,0.2601476014760148,175.0,0.28861514,190.42941,1. train
1984-03-01,0.1845018450184501,133.99999999999997,0.26818,179.35358,1. train
1984-04-01,0.1623616236162361,121.99999999999997,0.22401321,155.41516,1. train
1984-05-01,0.1549815498154981,117.99999999999997,0.16377683,122.767044,1. train
1984-06-01,0.0940959409594095,84.99999999999994,0.18538515,134.47874,1. train
1984-07-01,0.070110701107011,71.99999999999996,0.103525,90.11055,1. train
1984-08-01,0.0608856088560885,66.99999999999997,0.11478628,96.214165,1. train
1984-09-01,0.077490774907749,75.99999999999997,0.16436931,123.088165,1. train
1984-10-01,0.0535055350553505,62.99999999999998,0.18013552,131.63345,1. train
1984-11-01,0.0867158671586715,80.99999999999996,0.16923581,125.72581,1. train
1984-12-01,0.2490774907749077,168.99999999999997,0.2275187,157.31512,1. train
1985-01-01,0.7195571955719556,424.0,0.3099467,201.9911,1. train
1985-02-01,0.584870848708487,351.0,0.45309678,279.57846,1. train
1985-03-01,0.4870848708487085,298.0,0.43245706,268.39172,1. train
1985-04-01,0.2214022140221402,154.0,0.2797881,185.64516,1. train
1985-05-01,0.1494464944649446,114.99999999999999,0.14496844,112.57289,1. train
1985-06-01,0.1125461254612546,95.0,0.1287578,103.78673,1. train
1985-07-01,0.081180811808118,77.99999999999996,0.07432707,74.28527,1. train
1985-08-01,0.062730627306273,67.99999999999997,0.07758032,76.04853,1. train
1985-09-01,0.070110701107011,71.99999999999996,0.055666134,64.17104,1. train
1985-10-01,0.0682656826568265,70.99999999999997,0.08772613,81.54756,1. train
1985-11-01,0.1568265682656826,118.99999999999996,0.11769819,97.79242,1. train
1985-12-01,0.2749077490774907,182.99999999999997,0.2810572,186.33301,1. train
1986-01-01,0.4372693726937269,271.0,0.40091333,251.29503,1. train
1986-02-01,0.3837638376383764,242.0,0.39690632,249.12323,1. train
1986-03-01,0.3616236162361623,229.99999999999997,0.32179335,208.412,1. train
1986-04-01,0.1734317343173431,127.99999999999996,0.20242284,143.71318,1. train
1986-05-01,0.1457564575645756,112.99999999999997,0.11946748,98.75137,1. train
1986-06-01,0.0977859778597785,86.99999999999994,0.10819565,92.64204,1. train
1986-07-01,0.092250922509225,83.99999999999994,0.069012456,71.404755,1. train
1986-08-01,0.1014760147601476,89.0,0.06567143,69.59391,1. train
1986-09-01,0.047970479704797,59.99999999999997,0.051044293,61.666004,1. train
1986-10-01,0.0313653136531365,50.999999999999986,0.076751366,75.59924,1. train
1986-11-01,0.051660516605166,61.99999999999997,0.092757,84.27429,1. train
1986-12-01,0.4003690036900369,251.0,0.15110527,115.899055,1. train
1987-01-01,0.3782287822878228,238.99999999999997,0.42323136,263.39142,1. train
1987-02-01,0.3431734317343173,219.99999999999997,0.39283636,246.91731,1. train
1987-03-01,0.3191881918819188,207.0,0.30107293,197.18153,1. train
1987-04-01,0.2509225092250922,169.99999999999997,0.21382819,149.89488,1. train
1987-05-01,0.1531365313653136,116.99999999999999,0.13172247,105.39358,1. train
1987-06-01,0.1143911439114391,96.0,0.09424339,85.07992,1. train
1987-07-01,0.081180811808118,77.99999999999996,0.09202185,83.87585,1. train
1987-08-01,0.0571955719557195,64.99999999999996,0.057390496,65.105644,1. train
1987-09-01,0.0885608856088561,82.0,0.06194895,67.57633,1. train
1987-10-01,0.070110701107011,71.99999999999996,0.05399715,63.266457,1. train
1987-11-01,0.1254612546125461,101.99999999999997,0.12408282,101.252884,1. train
1987-12-01,0.4114391143911439,257.0,0.2438205,166.15071,1. train
1988-01-01,0.3616236162361623,229.99999999999997,0.4482842,276.97003,1. train
1988-02-01,0.477859778597786,293.0,0.38014337,240.03772,1. train
1988-03-01,0.3616236162361623,229.99999999999997,0.34072074,218.67065,1. train
1988-04-01,0.1900369003690037,137.0,0.20677309,146.07101,1. train
1988-05-01,0.1457564575645756,112.99999999999997,0.13733448,108.43529,1. train
1988-06-01,0.1143911439114391,96.0,0.10702205,92.00595,1. train
1988-07-01,0.077490774907749,75.99999999999997,0.08162232,78.239296,1. train
1988-08-01,0.055350553505535,63.99999999999997,0.056385502,64.56094,1. train
1988-09-01,0.0424354243542435,56.99999999999998,0.065385,69.43867,1. train
1988-10-01,0.1033210332103321,90.0,0.05637356,64.55447,1. train
1988-11-01,0.1291512915129151,103.99999999999997,0.16586795,123.90043,1. train
1988-12-01,0.1771217712177121,129.99999999999997,0.25085017,169.9608,1. train
1989-01-01,0.4077490774907749,254.99999999999997,0.31205592,203.13431,1. train
1989-02-01,0.3634686346863469,231.0,0.3602482,229.25453,1. train
1989-03-01,0.4077490774907749,254.99999999999997,0.32098684,207.97487,1. train
1989-04-01,0.2121771217712177,149.0,0.25071523,169.88766,1. train
1989-05-01,0.1254612546125461,101.99999999999997,0.11840731,98.17676,1. train
1989-06-01,0.1143911439114391,96.0,0.106529,91.738716,1. train
1989-07-01,0.081180811808118,77.99999999999996,0.07699594,75.7318,1. train
1989-08-01,0.066420664206642,69.99999999999996,0.061916884,67.55895,1. train
1989-09-01,0.0645756457564575,68.99999999999997,0.040665887,56.04091,1. train
1989-10-01,0.0645756457564575,68.99999999999997,0.072481096,73.28475,1. train
1989-11-01,0.0867158671586715,80.99999999999996,0.079041354,76.840416,1. train
1989-12-01,0.2601476014760148,175.0,0.18066576,131.92084,1. train
1990-01-01,0.3265682656826568,210.99999999999997,0.37984532,239.87617,1. train
1990-02-01,0.1346863468634686,106.99999999999997,0.36908817,234.04579,1. train
1990-03-01,0.2693726937269373,180.0,0.16771875,124.903564,1. train
1990-04-01,0.1402214022140221,109.99999999999999,0.1734245,127.99608,1. train
1990-05-01,0.0940959409594095,84.99999999999994,0.07612425,75.259346,1. train
1990-06-01,0.055350553505535,63.99999999999997,0.080448985,77.60335,1. train
1990-07-01,0.0498154981549815,60.99999999999997,0.048356816,60.209393,1. train
1990-08-01,0.03690036900369,53.99999999999998,0.03907538,55.178856,1. train
1990-09-01,0.051660516605166,61.99999999999997,0.03859953,54.920944,1. train
1990-10-01,0.040590405904059,55.99999999999998,0.0661344,69.84485,1. train
1990-11-01,0.044280442804428,57.99999999999998,0.066644706,70.12144,1. train
1990-12-01,0.1014760147601476,89.0,0.18440038,133.945,1. train
1991-01-01,0.4575645756457564,282.0,0.20757729,146.5069,1. train
1991-02-01,0.3431734317343173,219.99999999999997,0.40176633,251.75735,1. train
1991-03-01,0.3007380073800738,196.99999999999997,0.327395,211.44809,1. train
1991-04-01,0.3210332103321033,208.0,0.2276405,157.38115,1. train
1991-05-01,0.1605166051660516,120.99999999999996,0.17201076,127.229836,1. train
1991-06-01,0.095940959409594,85.99999999999996,0.09397276,84.933235,1. train
1991-07-01,0.0830258302583025,78.99999999999996,0.07483867,74.56255,1. train
1991-08-01,0.062730627306273,67.99999999999997,0.06454679,68.98436,1. train
1991-09-01,0.0535055350553505,62.99999999999998,0.035133112,53.04215,1. train
1991-10-01,0.1014760147601476,89.0,0.059906397,66.46927,1. train
1991-11-01,0.0904059040590406,83.0,0.07599147,75.18737,1. train
1991-12-01,0.1660516605166051,123.99999999999999,0.14845379,114.46195,1. train
1992-01-01,0.7416974169741697,436.0,0.33727834,216.80487,1. train
1992-02-01,0.533210332103321,323.0,0.4908792,300.05655,1. train
1992-03-01,0.2841328413284132,187.99999999999994,0.43567985,270.1385,1. train
1992-04-01,0.1881918819188192,136.0,0.19838317,141.52368,1. train
1992-05-01,0.1531365313653136,116.99999999999999,0.1330506,106.11343,1. train
1992-06-01,0.092250922509225,83.99999999999994,0.09524393,85.62221,1. train
1992-07-01,0.081180811808118,77.99999999999996,0.08030751,77.52667,1. train
1992-08-01,0.055350553505535,63.99999999999997,0.07202148,73.035645,1. train
1992-09-01,0.1107011070110701,94.0,0.05219755,62.291073,1. train
1992-10-01,0.1383763837638376,108.99999999999997,0.12273425,100.521965,1. train
1992-11-01,0.2232472324723247,154.99999999999997,0.15083925,115.754875,1. train
1992-12-01,0.1678966789667896,124.99999999999997,0.32579157,210.57904,1. train
1993-01-01,0.2324723247232472,159.99999999999997,0.27761728,184.46857,1. train
1993-02-01,0.3690036900369003,233.99999999999997,0.25798637,173.82861,1. train
1993-03-01,0.3302583025830258,212.99999999999997,0.24671061,167.71715,1. train
1993-04-01,0.1845018450184501,133.99999999999997,0.18692319,135.31236,1. train
1993-05-01,0.1162361623616236,96.99999999999999,0.111694515,94.53843,1. train
1993-06-01,0.1162361623616236,96.99999999999999,0.10320464,89.93691,1. train
1993-07-01,0.0682656826568265,70.99999999999997,0.0796336,77.161415,1. train
1993-08-01,0.0498154981549815,60.99999999999997,0.06983285,71.8494,1. train
1993-09-01,0.051660516605166,61.99999999999997,0.04744993,59.71786,1. train
1993-10-01,0.081180811808118,77.99999999999996,0.062222593,67.72465,1. train
1993-11-01,0.0719557195571955,72.99999999999996,0.10346596,90.07855,1. train
1993-12-01,0.1439114391143911,111.99999999999999,0.13501422,107.177704,1. train
1994-01-01,0.4188191881918819,261.0,0.25231355,170.75395,1. train
1994-02-01,0.1678966789667896,124.99999999999997,0.37438837,236.9185,1. train
1994-03-01,0.2047970479704797,145.0,0.19723684,140.90237,1. train
1994-04-01,0.1328413284132841,105.99999999999999,0.1551687,118.10143,1. train
1994-05-01,0.1918819188191882,138.0,0.07324287,73.69764,1. train
1994-06-01,0.095940959409594,85.99999999999996,0.08698128,81.14385,1. train
1994-07-01,0.0719557195571955,72.99999999999996,0.055685706,64.18165,1. train
1994-08-01,0.044280442804428,57.99999999999998,0.06932379,71.573494,1. train
1994-09-01,0.0202952029520295,44.999999999999986,0.03476631,52.843338,1. train
1994-10-01,0.033210332103321,51.99999999999998,0.06675443,70.1809,1. train
1994-11-01,0.0719557195571955,72.99999999999996,0.03569567,53.347054,1. train
1994-12-01,0.2380073800738007,163.0,0.15132843,116.020004,1. train
1995-01-01,0.2158671586715867,151.0,0.299383,196.2656,1. train
1995-02-01,0.544280442804428,329.0,0.33913434,217.81082,1. train
1995-03-01,0.2084870848708487,147.0,0.36149818,229.93202,1. train
1995-04-01,0.1346863468634686,106.99999999999997,0.17348254,128.02753,1. train
1995-05-01,0.0830258302583025,78.99999999999996,0.13341913,106.31316,1. train
1995-06-01,0.047970479704797,59.99999999999997,0.061010815,67.06786,1. train
1995-07-01,0.0350553505535055,52.99999999999998,0.052178808,62.280914,1. train
1995-08-01,0.014760147601476,41.999999999999986,0.0316933,51.17777,1. train
1995-09-01,0.0166051660516605,42.99999999999999,0.03647524,53.76958,1. train
1995-10-01,0.0793357933579335,76.99999999999996,0.0316933,51.17777,1. train
1995-11-01,0.0940959409594095,84.99999999999994,0.17892408,130.97685,1. train
1995-12-01,0.1678966789667896,124.99999999999997,0.19713032,140.84464,2. validation
1996-01-01,0.3579335793357933,227.99999999999994,0.31396732,204.17029,2. validation
1996-02-01,0.2859778597785978,189.0,0.29807755,195.55804,2. validation
1996-03-01,0.2767527675276753,184.0,0.2728658,181.89326,2. validation
1996-04-01,0.1420664206642066,110.99999999999997,0.17816012,130.56277,2. validation
1996-05-01,0.0940959409594095,84.99999999999994,0.08214696,78.52365,2. validation
1996-06-01,0.059040590405904,65.99999999999997,0.06732003,70.48746,2. validation
1996-07-01,0.044280442804428,57.99999999999998,0.044574007,58.15911,2. validation
1996-08-01,0.0424354243542435,56.99999999999998,0.0316933,51.17777,2. validation
1996-09-01,0.1088560885608856,93.0,0.0316933,51.17777,2. validation
1996-10-01,0.0867158671586715,80.99999999999996,0.08925065,82.373856,2. validation
1996-11-01,0.2952029520295203,194.0,0.09511916,85.55459,2. validation
1996-12-01,0.3874538745387454,244.0,0.43778285,271.27832,2. validation
1997-01-01,0.7656826568265682,449.0,0.36319813,230.8534,2. validation
1997-02-01,0.3911439114391144,246.00000000000003,0.43055,267.35812,2. validation
1997-03-01,0.3284132841328413,212.0,0.2620318,176.02124,2. validation
1997-04-01,0.2121771217712177,149.0,0.1699638,126.120384,2. validation
1997-05-01,0.1439114391143911,111.99999999999999,0.11659311,97.19347,2. validation
1997-06-01,0.1383763837638376,108.99999999999997,0.10948518,93.340965,2. validation
1997-07-01,0.0830258302583025,78.99999999999996,0.07485326,74.570465,2. validation
1997-08-01,0.0571955719557195,64.99999999999996,0.08439648,79.74289,2. validation
1997-09-01,0.055350553505535,63.99999999999997,0.060393438,66.733246,2. validation
1997-10-01,0.055350553505535,63.99999999999997,0.14483358,112.4998,2. validation
1997-11-01,0.1457564575645756,112.99999999999997,0.14537579,112.79368,2. validation
1997-12-01,0.2140221402214022,150.0,0.26616,178.25873,2. validation
1998-01-01,0.2269372693726937,156.99999999999997,0.33302513,214.49963,2. validation
1998-02-01,0.2804428044280443,186.0,0.3119557,203.07999,2. validation
1998-03-01,0.1992619926199262,142.0,0.26685137,178.63345,2. validation
1998-04-01,0.1162361623616236,96.99999999999999,0.14811586,114.27879,2. validation
1998-05-01,0.095940959409594,85.99999999999996,0.09004058,82.801994,2. validation
1998-06-01,0.0719557195571955,72.99999999999996,0.07355425,73.8664,2. validation
1998-07-01,0.0387453874538745,54.99999999999998,0.047426708,59.705276,2. validation
1998-08-01,0.0387453874538745,54.99999999999998,0.03257956,51.658123,2. validation
1998-09-01,0.0129151291512915,40.99999999999999,0.035607323,53.299168,2. validation
1998-10-01,0.066420664206642,69.99999999999996,0.042266198,56.90828,2. validation
1998-11-01,0.084870848708487,79.99999999999996,0.10959114,93.3984,2. validation
1998-12-01,0.1383763837638376,108.99999999999997,0.17923026,131.14279,2. validation
1999-01-01,0.4003690036900369,251.0,0.27394933,182.48055,2. validation
1999-02-01,0.2785977859778598,185.0,0.32715556,211.31831,2. validation
1999-03-01,0.3302583025830258,212.99999999999997,0.28805345,190.12498,2. validation
1999-04-01,0.1402214022140221,109.99999999999999,0.21763518,151.95828,2. validation
1999-05-01,0.077490774907749,75.99999999999997,0.08428359,79.6817,2. validation
1999-06-01,0.070110701107011,71.99999999999996,0.07581037,75.08922,2. validation
1999-07-01,0.044280442804428,57.99999999999998,0.050602347,61.42647,2. validation
1999-08-01,0.0202952029520295,44.999999999999986,0.037185844,54.154728,2. validation
1999-09-01,0.014760147601476,41.999999999999986,0.0316933,51.17777,2. validation
1999-10-01,0.0129151291512915,40.99999999999999,0.053514205,63.0047,2. validation
1999-11-01,0.0461254612546125,58.99999999999997,0.0429664,57.28779,2. validation
1999-12-01,0.2509225092250922,169.99999999999997,0.15870853,120.02002,2. validation
2000-01-01,0.488929889298893,299.0,0.34720886,222.18721,2. validation
2000-02-01,0.3597785977859778,228.99999999999997,0.40463838,253.31401,2. validation
2000-03-01,0.2730627306273063,182.0,0.3516586,224.59897,2. validation
2000-04-01,0.1568265682656826,118.99999999999996,0.19263494,138.40814,2. validation
2000-05-01,0.092250922509225,83.99999999999994,0.09404911,84.97462,2. validation
2000-06-01,0.0645756457564575,68.99999999999997,0.070086345,71.9868,2. validation
2000-07-01,0.055350553505535,63.99999999999997,0.047551677,59.773006,2. validation
2000-08-01,0.03690036900369,53.99999999999998,0.03625024,53.64763,2. validation
2000-09-01,0.092250922509225,83.99999999999994,0.0316933,51.17777,2. validation
2000-10-01,0.044280442804428,57.99999999999998,0.07892288,76.7762,2. validation
2000-11-01,0.1309963099630996,105.0,0.100173935,88.29427,2. validation
2000-12-01,0.2084870848708487,147.0,0.26303318,176.564,2. validation
2001-01-01,0.1826568265682656,132.99999999999994,0.30974573,201.88219,2. validation
2001-02-01,0.1402214022140221,109.99999999999999,0.25805184,173.8641,2. validation
2001-03-01,0.1125461254612546,95.0,0.15885933,120.10175,2. validation
2001-04-01,0.084870848708487,79.99999999999996,0.074988216,74.643616,2. validation
2001-05-01,0.0387453874538745,54.99999999999998,0.05425679,63.407177,2. validation
2001-06-01,0.018450184501845,43.99999999999999,0.043894425,57.79078,2. validation
2001-07-01,0.007380073800738,38.0,0.0316933,51.17777,2. validation
2001-08-01,0.0,34.0,0.0316933,51.17777,2. validation
2001-09-01,0.0092250922509225,38.99999999999999,0.0316933,51.17777,2. validation
2001-10-01,0.0387453874538745,54.99999999999998,0.04053475,55.969833,2. validation
2001-11-01,0.0940959409594095,84.99999999999994,0.11058621,93.93773,2. validation
2001-12-01,0.1937269372693726,138.99999999999994,0.22247516,154.58153,2. validation
2002-01-01,0.2841328413284132,187.99999999999994,0.2781902,184.7791,2. validation
2002-02-01,0.2970479704797048,195.0,0.273619,182.3015,2. validation
2002-03-01,0.2287822878228782,158.0,0.2657144,178.01721,2. validation
2002-04-01,0.1014760147601476,89.0,0.15403275,117.48575,2. validation
2002-05-01,0.070110701107011,71.99999999999996,0.0704947,72.20812,2. validation
2002-06-01,0.0424354243542435,56.99999999999998,0.051000733,61.6424,2. validation
2002-07-01,0.033210332103321,51.99999999999998,0.0316933,51.17777,2. validation
2002-08-01,0.022140221402214,45.999999999999986,0.0316933,51.17777,2. validation
2002-09-01,0.025830258302583,47.999999999999986,0.0316933,51.17777,2. validation
2002-10-01,0.0055350553505535,36.99999999999999,0.045577154,58.702816,2. validation
2002-11-01,0.1070110701107011,91.99999999999999,0.06908487,71.444,2. validation
2002-12-01,0.2546125461254612,171.99999999999997,0.21635602,151.26497,2. validation
2003-01-01,0.5092250922509225,310.0,0.34439328,220.66116,3. test
2003-02-01,0.3265682656826568,210.99999999999997,0.36348286,231.00772,3. test
2003-03-01,0.2084870848708487,147.0,0.30802223,200.94806,3. test
2003-04-01,0.1033210332103321,90.0,0.14754622,113.97005,3. test
2003-05-01,0.081180811808118,77.99999999999996,0.07995249,77.33425,3. test
2003-06-01,0.062730627306273,67.99999999999997,0.058707356,65.81939,3. test
2003-07-01,0.044280442804428,57.99999999999998,0.0316933,51.17777,3. test
2003-08-01,0.0239852398523985,46.999999999999986,0.037788354,54.481285,3. test
2003-09-01,0.0166051660516605,42.99999999999999,0.0316933,51.17777,3. test
2003-10-01,0.040590405904059,55.99999999999998,0.06689605,70.25766,3. test
2003-11-01,0.0608856088560885,66.99999999999997,0.10278191,89.707794,3. test
2003-12-01,0.1937269372693726,138.99999999999994,0.18389706,133.67221,3. test
2004-01-01,0.2029520295202952,144.0,0.29622588,194.55443,3. test
2004-02-01,0.3265682656826568,210.99999999999997,0.2674247,178.9442,3. test
2004-03-01,0.2730627306273063,182.0,0.2793912,185.43004,3. test
2004-04-01,0.2435424354243542,165.99999999999997,0.22622783,156.61548,3. test
2004-05-01,0.1328413284132841,105.99999999999999,0.12563537,102.09437,3. test
2004-06-01,0.1051660516605166,91.0,0.07649568,75.460655,3. test
2004-07-01,0.077490774907749,75.99999999999997,0.07042302,72.16927,3. test
2004-08-01,0.051660516605166,61.99999999999997,0.038280685,54.74813,3. test
2004-09-01,0.0313653136531365,50.999999999999986,0.0428036,57.19955,3. test
2004-10-01,0.055350553505535,63.99999999999997,0.0316933,51.17777,3. test
2004-11-01,0.1070110701107011,91.99999999999999,0.07848564,76.539215,3. test
2004-12-01,0.2767527675276753,184.0,0.14015704,109.96512,3. test
2005-01-01,0.4059040590405904,254.0,0.41186953,257.23328,3. test
2005-02-01,0.3210332103321033,208.0,0.3773583,238.5282,3. test
2005-03-01,0.2619926199261992,175.99999999999997,0.31802776,206.37105,3. test
2005-04-01,0.1476014760147601,113.99999999999996,0.17907245,131.05727,3. test
2005-05-01,0.1568265682656826,118.99999999999996,0.10223012,89.40872,3. test
2005-06-01,0.1088560885608856,93.0,0.08686715,81.08199,3. test
2005-07-01,0.092250922509225,83.99999999999994,0.06365892,68.503136,3. test
2005-08-01,0.0571955719557195,64.99999999999996,0.055755675,64.219574,3. test
2005-09-01,0.055350553505535,63.99999999999997,0.046218976,59.050686,3. test
2005-10-01,0.0571955719557195,64.99999999999996,0.069729805,71.79356,3. test
2005-11-01,0.1328413284132841,105.99999999999999,0.09697798,86.562065,3. test
2005-12-01,0.2619926199261992,175.99999999999997,0.23015644,158.74478,3. test
2006-01-01,0.1752767527675277,129.0,0.34328908,220.06268,3. test
2006-02-01,0.2195571955719557,152.99999999999997,0.25978625,174.80415,3. test
2006-03-01,0.2140221402214022,150.0,0.21521395,150.64597,3. test
2006-04-01,0.095940959409594,85.99999999999996,0.15887834,120.11206,3. test
2006-05-01,0.062730627306273,67.99999999999997,0.07945175,77.06285,3. test
2006-06-01,0.047970479704797,59.99999999999997,0.065733664,69.62765,3. test
2006-07-01,0.0350553505535055,52.99999999999998,0.038924057,55.09684,3. test
2006-08-01,0.0202952029520295,44.999999999999986,0.0316933,51.17777,3. test
2006-09-01,0.03690036900369,53.99999999999998,0.0316933,51.17777,3. test
2006-10-01,0.0645756457564575,68.99999999999997,0.045426935,58.6214,3. test
2006-11-01,0.1439114391143911,111.99999999999999,0.1351342,107.24274,3. test
2006-12-01,0.2509225092250922,169.99999999999997,0.28219274,186.94847,3. test
2007-01-01,0.6070110701107011,363.0,0.32100943,207.98712,3. test
2007-02-01,0.4428044280442805,274.0,0.38060835,240.28973,3. test
2007-03-01,0.1808118081180811,131.99999999999997,0.34191087,219.3157,3. test
2007-04-01,0.1217712177121771,99.99999999999999,0.12196846,100.1069,3. test
2007-05-01,0.0867158671586715,80.99999999999996,0.09861983,87.45195,3. test
2007-06-01,0.066420664206642,69.99999999999996,0.06229397,67.763336,3. test
2007-07-01,0.0461254612546125,58.99999999999997,0.045053944,58.419235,3. test
2007-08-01,0.03690036900369,53.99999999999998,0.043785244,57.7316,3. test
2007-09-01,0.014760147601476,41.999999999999986,0.038237855,54.724915,3. test
2007-10-01,0.029520295202952,49.999999999999986,0.08286019,78.91022,3. test
2007-11-01,0.0904059040590406,83.0,0.120362565,99.23651,3. test
2007-12-01,0.0996309963099631,88.0,0.19258215,138.37952,3. test
2008-01-01,0.1457564575645756,112.99999999999997,0.2723165,181.59554,3. test
2008-02-01,0.3450184501845018,220.99999999999997,0.23770832,162.8379,3. test
2008-03-01,0.2952029520295203,194.0,0.28439516,188.14218,3. test
2008-04-01,0.1974169741697417,141.0,0.25964844,174.72946,3. test
2008-05-01,0.0996309963099631,88.0,0.12888658,103.85653,3. test
2008-06-01,0.0756457564575645,74.99999999999994,0.07470646,74.490906,3. test
2008-07-01,0.047970479704797,59.99999999999997,0.054550722,63.56649,3. test
2008-08-01,0.0313653136531365,50.999999999999986,0.033528253,52.172314,3. test
2008-09-01,0.0350553505535055,52.99999999999998,0.0316933,51.17777,3. test
2008-10-01,0.062730627306273,67.99999999999997,0.0316933,51.17777,3. test
2008-11-01,0.1568265682656826,118.99999999999996,0.07298087,73.55563,3. test
2008-12-01,0.4114391143911439,257.0,0.21797653,152.14328,3. test
2009-01-01,0.4059040590405904,254.0,0.46864042,288.0031,3. test
2009-02-01,0.4298892988929889,267.0,0.3739687,236.69104,3. test
2009-03-01,0.3487084870848708,222.99999999999997,0.32347012,209.32082,3. test
2009-04-01,0.2638376383763838,177.00000000000003,0.18384598,133.64452,3. test
2009-05-01,0.1494464944649446,114.99999999999999,0.13357294,106.39653,3. test
2009-06-01,0.1088560885608856,93.0,0.09536207,85.68624,3. test
2009-07-01,0.1033210332103321,90.0,0.08692339,81.11248,3. test
2009-08-01,0.0756457564575645,74.99999999999994,0.05820404,65.546585,3. test
2009-09-01,0.0996309963099631,88.0,0.06643836,70.00959,3. test
2009-10-01,0.1678966789667896,124.99999999999997,0.07870837,76.65994,3. test
2009-11-01,0.1642066420664206,122.99999999999996,0.19928299,142.01138,3. test
2009-12-01,0.4391143911439114,272.0,0.29326072,192.94733,3. test
2010-01-01,0.485239852398524,297.0,0.45658103,281.46692,3. test
2010-02-01,0.2675276752767527,178.99999999999997,0.38372347,241.97812,3. test
2010-03-01,0.3948339483394834,248.0,0.19232574,138.24055,3. test
2010-04-01,0.2158671586715867,151.0,0.17648108,129.65274,3. test
2010-05-01,0.1383763837638376,108.99999999999997,0.115880534,96.80725,3. test
2010-06-01,0.1014760147601476,89.0,0.112521484,94.98664,3. test
2010-07-01,0.0867158671586715,80.99999999999996,0.096418545,86.25885,3. test
2010-08-01,0.0535055350553505,62.99999999999998,0.06330885,68.31339,3. test
2010-09-01,0.040590405904059,55.99999999999998,0.081537455,78.1933,3. test
2010-10-01,0.0793357933579335,76.99999999999996,0.08864696,82.04665,3. test
2010-11-01,0.2675276752767527,178.99999999999997,0.12680645,102.729095,3. test
2010-12-01,0.4760147601476015,292.0,0.4259417,264.8604,3. test
2011-01-01,0.9059040590405903,525.0,0.43140808,267.82318,3. test
2011-02-01,0.2822878228782288,187.0,0.545472,329.64584,3. test
2011-03-01,0.3745387453874538,236.99999999999994,0.21074834,148.22562,3. test
2011-04-01,0.2140221402214022,150.0,0.18435863,133.92238,3. test
2011-05-01,0.1605166051660516,120.99999999999996,0.11183536,94.61476,3. test
2011-06-01,0.1236162361623616,100.99999999999999,0.113338396,95.42941,3. test
2011-07-01,0.0904059040590406,83.0,0.08388622,79.46633,3. test
2011-08-01,0.062730627306273,67.99999999999997,0.092805274,84.30046,3. test
2011-09-01,0.0498154981549815,60.99999999999997,0.065529644,69.51707,3. test
2011-10-01,0.092250922509225,83.99999999999994,0.16566494,123.7904,3. test
2011-11-01,0.1088560885608856,93.0,0.15242983,116.61697,3. test
2011-12-01,0.470479704797048,289.0,0.2608819,175.398,3. test
2012-01-01,0.6420664206642066,382.0,0.38322744,241.70927,3. test
2012-02-01,0.3671586715867159,233.0,0.49562117,302.62668,3. test
2012-03-01,0.2177121771217712,152.0,0.31252596,203.38907,3. test
2012-04-01,0.1328413284132841,105.99999999999999,0.15997252,120.7051,3. test
2012-05-01,0.1365313653136531,107.99999999999999,0.111286595,94.31734,3. test
2012-06-01,0.1254612546125461,101.99999999999997,0.08066818,77.72215,3. test
2012-07-01,0.081180811808118,77.99999999999996,0.06965895,71.75515,3. test
2012-08-01,0.0498154981549815,60.99999999999997,0.06523645,69.358154,3. test
2012-09-01,0.033210332103321,51.99999999999998,0.05944398,66.218636,3. test
2012-10-01,0.044280442804428,57.99999999999998,0.08841248,81.91956,3. test
2012-11-01,0.1070110701107011,91.99999999999999,0.1368611,108.17872,3. test
2012-12-01,0.1715867158671586,126.99999999999997,0.22485264,155.87013,3. test
