date,real,mean,std,min,max,count,cohort
1932-01-01,1907.9999999999998,1574.0917,,1574.0917,1574.0917,1,1. train
1932-02-01,1897.9999999999998,1758.1028,17.87171,1745.4656,1770.74,2,1. train
1932-03-01,1534.0,1702.4899,113.170395,1604.12,1826.1736,3,1. train
1932-04-01,867.9999999999999,1278.9458,190.30856,999.1111,1422.3495,4,1. train
1932-05-01,672.9999999999999,905.82324,171.90892,724.75256,1150.8014,5,1. train
1932-06-01,631.9999999999998,575.2575,186.16576,314.5935,827.53766,6,1. train
1932-07-01,472.99999999999966,356.82358,121.37498,240.3254,532.83655,7,1. train
1932-08-01,392.99999999999994,299.432,91.019615,139.62292,418.58432,8,1. train
1932-09-01,387.9999999999999,345.0903,71.28449,193.2277,433.2299,9,1. train
1932-10-01,520.9999999999999,554.3128,60.692642,465.02463,630.525,10,1. train
1932-11-01,572.9999999999998,862.3798,69.18183,733.97,941.00226,11,1. train
1932-12-01,1474.0,1191.3296,85.90869,966.7763,1306.4885,12,1. train
1933-01-01,1330.0,1460.4238,112.45345,1261.3315,1642.9648,12,1. train
1933-02-01,725.9999999999997,1514.0804,84.84946,1361.1633,1630.3322,12,1. train
1933-03-01,695.9999999999999,1338.8707,144.31297,982.1947,1538.9729,12,1. train
1933-04-01,609.9999999999998,1055.1729,168.60027,695.2585,1273.9962,12,1. train
1933-05-01,440.9999999999998,743.90137,166.07307,459.89877,948.32465,12,1. train
1933-06-01,356.0,504.5162,124.097534,309.45154,756.9236,12,1. train
1933-07-01,328.9999999999999,353.43384,96.44883,171.47345,555.7331,12,1. train
1933-08-01,324.99999999999983,316.52087,90.17779,145.93465,436.3693,12,1. train
1933-09-01,294.9999999999999,419.50137,87.97164,272.01593,600.4317,12,1. train
1933-10-01,410.99999999999994,633.3699,114.05909,471.99707,877.8527,12,1. train
1933-11-01,294.9999999999999,927.88354,142.33138,697.8096,1128.8082,12,1. train
1933-12-01,691.9999999999999,1191.4961,147.7913,950.96216,1369.9342,12,1. train
1934-01-01,1210.0,1287.039,167.44632,983.30396,1518.1371,12,1. train
1934-02-01,699.0,1239.3607,97.28442,1068.8429,1386.6913,12,1. train
1934-03-01,751.9999999999999,1100.9133,74.61834,936.0945,1219.4608,12,1. train
1934-04-01,479.99999999999983,878.6123,56.93628,763.34766,1010.61523,12,1. train
1934-05-01,332.99999999999994,632.8295,73.359566,488.91904,737.48303,12,1. train
1934-06-01,275.99999999999994,440.78442,79.747025,325.40076,565.89276,12,1. train
1934-07-01,239.99999999999991,348.7806,48.73596,254.28152,424.30725,12,1. train
1934-08-01,204.0,331.9573,98.90451,136.5848,448.98297,12,1. train
1934-09-01,246.99999999999977,378.92172,100.48585,232.21152,562.7699,12,1. train
1934-10-01,271.99999999999983,548.66736,78.64146,390.9586,664.3256,12,1. train
1934-11-01,319.9999999999997,768.99347,102.37546,599.65405,910.9286,12,1. train
1934-12-01,1285.0,1001.2955,108.20689,827.04663,1153.0422,12,1. train
1935-01-01,1846.0,1214.8878,97.63703,1019.29254,1386.2999,12,1. train
1935-02-01,2584.0,1285.1425,121.377815,1162.555,1579.0999,12,1. train
1935-03-01,1546.9999999999998,1200.9261,136.48833,964.74493,1459.3767,12,1. train
1935-04-01,1333.9999999999998,1027.0928,126.19334,809.02936,1214.9209,12,1. train
1935-05-01,908.9999999999999,825.8121,115.45571,666.4964,1025.9452,12,1. train
1935-06-01,673.9999999999999,620.6639,135.1499,445.12485,909.21893,12,1. train
1935-07-01,553.9999999999998,436.02103,100.5779,293.86133,601.50775,12,1. train
1935-08-01,468.0,348.49976,90.99443,180.43909,494.85022,12,1. train
1935-09-01,435.9999999999997,405.3584,93.40091,251.47733,534.9016,12,1. train
1935-10-01,618.9999999999999,565.4361,90.31099,445.28055,777.21454,12,1. train
1935-11-01,527.0,879.4375,107.48398,744.90063,1117.386,12,1. train
1935-12-01,660.9999999999999,1216.0682,146.2247,1004.7747,1511.947,12,1. train
1936-01-01,593.9999999999998,1485.2125,141.252,1328.7852,1738.6013,12,1. train
1936-02-01,662.0,1569.1499,187.0615,1204.6503,1880.653,12,1. train
1936-03-01,1812.0,1458.932,178.45697,1162.6489,1720.4774,12,1. train
1936-04-01,941.9999999999999,1288.3912,170.81686,1029.0355,1570.7017,12,1. train
1936-05-01,625.9999999999997,1018.6319,133.19084,840.12195,1336.2805,12,1. train
1936-06-01,435.9999999999997,724.2129,118.78134,553.28894,960.7726,12,1. train
1936-07-01,364.9999999999998,493.64822,140.73611,304.08215,793.2882,12,1. train
1936-08-01,351.99999999999994,374.5306,92.845505,238.95,610.25836,12,1. train
1936-09-01,444.99999999999983,345.8229,77.8773,196.1658,474.66046,12,1. train
1936-10-01,350.99999999999994,419.8872,87.328896,250.93486,583.65784,12,1. train
1936-11-01,600.9999999999999,575.80457,109.74974,420.75403,821.8784,12,1. train
1936-12-01,1302.0,826.07794,113.59634,688.1886,1099.7698,12,1. train
1937-01-01,2600.0,1118.7504,182.9045,979.3424,1665.0226,12,1. train
1937-02-01,1589.0,1379.8917,244.40552,1182.599,2030.9485,12,1. train
1937-03-01,1112.0,1432.1036,142.00911,1247.2667,1772.058,12,1. train
1937-04-01,831.9999999999999,1241.7551,92.02006,1095.0388,1350.8354,12,1. train
1937-05-01,836.0,956.4106,200.95033,633.71,1187.2104,12,1. train
1937-06-01,619.9999999999999,662.7966,198.05316,390.79688,902.0792,12,1. train
1937-07-01,455.9999999999998,461.56558,145.33334,244.96611,669.7351,12,1. train
1937-08-01,363.9999999999998,387.78818,78.83433,294.47495,513.2635,12,1. train
1937-09-01,306.99999999999983,445.27444,69.46397,294.754,534.1905,12,1. train
1937-10-01,818.9999999999997,695.23126,119.67155,465.51663,850.1485,12,1. train
1937-11-01,997.0,1087.291,152.44179,694.9772,1244.9344,12,1. train
1937-12-01,2343.0,1466.4038,85.13462,1316.1145,1601.0277,12,1. train
1938-01-01,1899.0,1691.6317,130.35042,1544.8093,1942.42,12,1. train
1938-02-01,1646.0,1636.2592,57.712257,1512.826,1744.085,12,1. train
1938-03-01,1445.0,1410.5446,100.20738,1231.2731,1625.3668,12,1. train
1938-04-01,952.0000000000001,1083.7375,103.54843,889.72736,1207.5842,12,1. train
1938-05-01,849.9999999999999,763.4531,90.431755,602.52014,898.8586,12,1. train
1938-06-01,636.9999999999999,506.50708,75.083725,344.38275,658.2536,12,1. train
1938-07-01,508.0,382.9154,86.60186,246.09114,585.52496,12,1. train
1938-08-01,480.99999999999983,388.2018,100.37034,212.99025,554.1487,12,1. train
1938-09-01,480.99999999999983,552.55743,87.4283,343.47534,663.32526,12,1. train
1938-10-01,793.0,861.545,65.46741,758.5488,974.693,12,1. train
1938-11-01,913.9999999999997,1262.9978,112.98506,1092.652,1457.0325,12,1. train
1938-12-01,1647.0,1598.7406,120.32655,1460.4856,1862.7299,12,1. train
1939-01-01,2089.0,1717.3945,91.85597,1558.484,1893.5955,12,1. train
1939-02-01,1999.0000000000002,1650.4834,105.63165,1501.1826,1856.9651,12,1. train
1939-03-01,1063.0,1405.9834,105.870605,1288.9375,1646.1548,12,1. train
1939-04-01,956.9999999999999,1058.6761,100.45228,909.75336,1213.699,12,1. train
1939-05-01,727.9999999999997,720.73065,107.148964,560.36584,869.32367,12,1. train
1939-06-01,558.9999999999999,484.14908,94.11416,325.82648,627.6385,12,1. train
1939-07-01,482.99999999999983,349.0862,84.017654,212.05418,491.59583,12,1. train
1939-08-01,397.9999999999997,338.4407,73.309845,222.4442,491.16452,12,1. train
1939-09-01,350.99999999999994,479.4143,61.898613,383.11905,587.5353,12,1. train
1939-10-01,397.9999999999997,760.7834,51.378643,661.89764,878.6936,12,1. train
1939-11-01,606.0,1118.2616,133.3259,817.93036,1361.3583,12,1. train
1939-12-01,1355.9999999999998,1422.4994,172.4133,1108.0657,1787.9138,12,1. train
1940-01-01,2018.0000000000002,1607.4503,134.85432,1370.3732,1868.9578,12,1. train
1940-02-01,2425.0,1587.0918,150.49551,1395.7422,1826.9265,12,1. train
1940-03-01,2077.0,1376.0673,139.53294,1241.5073,1689.969,12,1. train
1940-04-01,1143.9999999999998,1112.337,171.02864,852.74817,1445.7316,12,1. train
1940-05-01,823.9999999999997,837.6985,145.93976,629.2552,1127.6641,12,1. train
1940-06-01,636.9999999999999,578.40924,141.87897,378.19122,814.43964,12,1. train
1940-07-01,512.9999999999997,416.4205,86.35275,277.1811,583.8625,12,1. train
1940-08-01,407.99999999999983,354.7445,81.719185,227.98088,558.68634,12,1. train
1940-09-01,381.9999999999997,408.57303,67.76845,318.59042,534.6514,12,1. train
1940-10-01,463.99999999999983,591.11957,76.30692,463.33704,680.9998,12,1. train
1940-11-01,1043.0,906.823,124.89632,627.3019,1029.8606,12,1. train
1940-12-01,1554.0,1282.123,144.09045,972.0909,1487.3768,12,1. train
1941-01-01,1710.0,1552.9448,183.58003,1210.7252,1761.9539,12,1. train
1941-02-01,1004.9999999999997,1606.068,184.53976,1275.7703,1871.7703,12,1. train
1941-03-01,972.9999999999997,1414.2977,243.02217,831.77765,1703.5648,12,1. train
1941-04-01,794.0,1126.0144,199.95616,665.349,1451.8851,12,1. train
1941-05-01,508.0,801.5013,164.77367,523.75793,1076.9258,12,1. train
1941-06-01,457.9999999999998,529.5792,144.51878,314.79135,775.5794,12,1. train
1941-07-01,455.9999999999998,359.11142,92.97191,238.56546,557.35016,12,1. train
1941-08-01,333.99999999999994,334.15582,90.74234,125.36145,458.69992,12,1. train
1941-09-01,606.9999999999997,433.47562,93.99908,254.97113,592.8341,12,1. train
1941-10-01,665.9999999999997,682.80804,104.7262,479.6585,861.5385,12,1. train
1941-11-01,703.9999999999997,999.6447,112.27056,866.292,1180.737,12,1. train
1941-12-01,1307.0,1287.2394,116.70924,1096.7197,1512.7362,12,1. train
1942-01-01,1309.0,1416.3512,121.48041,1085.5587,1574.1244,12,1. train
1942-02-01,1244.0,1354.7137,109.64804,1103.3962,1508.2909,12,1. train
1942-03-01,1862.9999999999998,1166.5577,101.494865,1029.8822,1336.5846,12,1. train
1942-04-01,1032.9999999999998,903.5816,126.99536,716.42957,1210.7003,12,1. train
1942-05-01,767.9999999999999,643.5981,125.80704,404.80157,874.40326,12,1. train
1942-06-01,636.9999999999999,453.12485,113.73338,300.7962,679.8617,12,1. train
1942-07-01,546.0,360.40665,99.51048,213.10434,613.0441,12,1. train
1942-08-01,418.9999999999998,365.47055,84.555214,238.28642,465.01318,12,1. train
1942-09-01,389.99999999999983,453.94507,112.77774,287.81906,627.12854,12,1. train
1942-10-01,539.9999999999999,653.65247,155.72874,412.1089,847.91144,12,1. train
1942-11-01,857.9999999999997,933.36676,178.41489,592.5508,1146.0493,12,1. train
1942-12-01,1231.0,1239.5826,117.98341,1045.5312,1451.636,12,1. train
1943-01-01,2727.0,1474.784,77.01054,1368.3357,1593.7034,12,1. train
1943-02-01,2198.0,1600.8776,167.23526,1380.9619,2062.3188,12,1. train
1943-03-01,2057.0,1544.7833,136.70653,1380.9708,1824.1636,12,1. train
1943-04-01,1132.0,1272.5511,87.34457,1091.6667,1394.2761,12,1. train
1943-05-01,825.9999999999999,976.5762,123.77135,813.5815,1249.8234,12,1. train
1943-06-01,680.0,680.08105,133.56651,496.76685,992.13617,12,1. train
1943-07-01,553.9999999999998,471.4559,99.37051,282.1139,624.6649,12,1. train
1943-08-01,494.9999999999997,401.41928,101.557144,264.08826,613.92126,12,1. train
1943-09-01,441.99999999999983,453.38065,107.16443,272.98526,608.4957,12,1. train
1943-10-01,647.9999999999998,670.82513,108.71937,406.11566,865.4375,12,1. train
1943-11-01,656.9999999999999,1019.28424,121.54007,723.26855,1141.6282,12,1. train
1943-12-01,1094.0,1394.7476,107.24525,1184.9159,1549.6885,12,1. train
1944-01-01,1002.9999999999999,1657.3156,155.64903,1438.5322,1947.406,12,1. train
1944-02-01,1520.9999999999998,1660.622,143.78886,1332.893,1879.5111,12,1. train
1944-03-01,1631.0,1487.67,105.45569,1314.1539,1623.0652,12,1. train
1944-04-01,914.9999999999997,1206.3959,86.75766,1052.2054,1375.0519,12,1. train
1944-05-01,617.9999999999999,887.92865,83.569565,688.1954,977.6648,12,1. train
1944-06-01,494.9999999999997,598.09454,81.524025,488.35776,805.81506,12,1. train
1944-07-01,421.9999999999998,409.39066,70.195885,303.48434,565.8492,12,1. train
1944-08-01,346.99999999999983,323.49408,82.848976,213.30597,472.29434,12,1. train
1944-09-01,292.9999999999999,342.8899,94.68097,185.90022,527.3899,12,1. train
1944-10-01,339.9999999999997,481.4701,83.554184,319.4354,632.5314,12,1. train
1944-11-01,508.0,728.6367,67.08494,637.32074,826.57465,12,1. train
1944-12-01,670.9999999999998,1034.6437,93.65069,847.58453,1134.5645,12,1. train
1945-01-01,874.9999999999997,1280.2863,143.7857,989.9985,1497.8081,12,1. train
1945-02-01,1978.0,1422.2959,118.27646,1206.5662,1582.3124,12,1. train
1945-03-01,1208.0,1418.6621,122.09742,1207.0311,1666.4486,12,1. train
1945-04-01,994.9999999999997,1213.4015,102.00972,1061.7504,1452.779,12,1. train
1945-05-01,627.9999999999998,923.32904,68.17392,855.2679,1072.2599,12,1. train
1945-06-01,552.9999999999998,647.60406,113.87541,469.50626,896.8234,12,1. train
1945-07-01,499.99999999999983,433.28552,119.95511,289.42236,678.71576,12,1. train
1945-08-01,348.99999999999983,321.53506,90.03174,177.81412,442.10495,12,1. train
1945-09-01,313.99999999999994,321.17075,84.00133,185.62753,430.1166,12,1. train
1945-10-01,348.99999999999983,429.2227,56.889324,336.01935,553.7625,12,1. train
1945-11-01,764.9999999999997,674.76514,58.24787,589.9702,779.28186,12,1. train
1945-12-01,1584.9999999999998,1007.2744,92.81451,808.21295,1120.2227,12,1. train
1946-01-01,3201.0,1354.2172,116.01296,1198.984,1635.5945,12,1. train
1946-02-01,1309.9999999999998,1567.2998,194.10101,1421.021,2124.527,12,1. train
1946-03-01,1466.9999999999998,1496.3896,115.881584,1408.5856,1810.8057,12,1. train
1946-04-01,1152.0,1285.5836,124.00012,1208.5408,1661.8224,12,1. train
1946-05-01,755.9999999999999,999.3987,129.78285,796.46643,1210.4037,12,1. train
1946-06-01,626.9999999999998,680.19995,144.41193,458.4289,959.9072,12,1. train
1946-07-01,547.9999999999997,462.5399,103.340096,258.48285,614.08374,12,1. train
1946-08-01,429.99999999999994,381.95752,125.85586,199.42586,646.8552,12,1. train
1946-09-01,334.99999999999994,468.2882,120.11497,283.03586,701.52783,12,1. train
1946-10-01,515.9999999999998,747.1767,173.43718,429.96875,1010.4626,12,1. train
1946-11-01,689.9999999999997,1143.0325,181.51453,739.94806,1459.5907,12,1. train
1946-12-01,748.9999999999999,1565.9702,121.41952,1367.9197,1773.8478,12,1. train
1947-01-01,1774.9999999999998,1797.6469,175.54375,1505.8353,2075.2368,12,1. train
1947-02-01,1839.9999999999998,1769.4725,139.80402,1548.6575,2020.2039,12,1. train
1947-03-01,3757.0000000000005,1584.6493,140.2816,1373.231,1806.2151,12,1. train
1947-04-01,1676.9999999999998,1264.7931,169.40498,1056.0681,1649.4344,12,1. train
1947-05-01,1034.0,946.1827,228.24586,598.45154,1354.9867,12,1. train
1947-06-01,803.9999999999997,689.11115,236.1616,422.36664,1093.0402,12,1. train
1947-07-01,699.0,498.4384,190.8434,257.75058,825.9144,12,1. train
1947-08-01,547.9999999999997,423.26376,147.12851,171.16093,719.5503,12,1. train
1947-09-01,814.0,467.42346,129.45949,243.73918,735.0918,12,1. train
1947-10-01,626.9999999999998,649.34564,93.83611,483.23938,788.6969,12,1. train
1947-11-01,713.9999999999999,918.1638,92.43537,804.53564,1060.4485,12,1. train
1947-12-01,1331.0,1256.851,116.09594,986.15137,1446.5736,12,1. train
1948-01-01,1502.9999999999998,1609.639,128.59369,1378.4099,1817.3679,12,1. train
1948-02-01,1721.0,1780.913,196.40561,1538.0486,2106.4607,12,1. train
1948-03-01,1825.9999999999998,1724.9315,197.85593,1469.2827,2072.419,12,1. train
1948-04-01,1074.9999999999998,1459.9869,191.61362,1218.8206,1800.9766,12,1. train
1948-05-01,768.9999999999999,1079.7039,170.69698,842.22205,1384.8207,12,1. train
1948-06-01,667.9999999999997,713.9065,127.627655,469.28915,891.12286,12,1. train
1948-07-01,479.99999999999983,473.4767,126.562485,286.81665,719.74066,12,1. train
1948-08-01,418.9999999999998,363.88742,59.544792,291.63052,493.5703,12,1. train
1948-09-01,348.99999999999983,378.59018,105.88003,218.45578,558.3047,12,1. train
1948-10-01,384.99999999999983,511.88864,90.81811,354.92676,681.31665,12,1. train
1948-11-01,764.9999999999997,784.93805,104.27125,657.5781,1028.8363,12,1. train
1948-12-01,1262.9999999999998,1129.0854,104.9384,950.55347,1281.9204,12,1. train
1949-01-01,1682.0,1407.3649,128.47829,1223.6125,1640.7374,12,1. train
1949-02-01,2221.0,1546.5038,107.58904,1330.7738,1689.1761,12,1. train
1949-03-01,1327.0,1489.0625,106.40352,1294.363,1646.5549,12,1. train
1949-04-01,951.0000000000001,1245.419,65.782455,1110.8744,1328.7699,12,1. train
1949-05-01,757.0,926.87946,67.67298,810.4601,1020.23346,12,1. train
1949-06-01,617.9999999999999,633.233,104.02477,419.92615,777.00134,12,1. train
1949-07-01,466.99999999999983,422.41638,103.246735,272.18298,613.7454,12,1. train
1949-08-01,384.99999999999983,327.4428,89.91974,202.93538,455.96365,12,1. train
1949-09-01,336.99999999999966,366.31152,78.5068,263.59268,495.66925,12,1. train
1949-10-01,398.9999999999997,553.12134,54.218388,434.0306,625.9294,12,1. train
1949-11-01,715.9999999999999,868.7676,69.72964,746.8282,955.9556,12,1. train
1949-12-01,1153.0,1225.3077,65.05881,1063.4491,1301.2089,12,1. train
1950-01-01,1558.9999999999998,1489.4619,86.45162,1361.2509,1611.9823,12,1. train
1950-02-01,2519.0,1565.7123,74.26238,1380.6921,1653.7788,12,1. train
1950-03-01,1580.9999999999998,1455.7769,108.14449,1290.1011,1682.7987,12,1. train
1950-04-01,1185.0,1194.2152,106.91092,1052.0703,1386.5344,12,1. train
1950-05-01,852.0,897.85126,87.26579,712.0653,1044.0321,12,1. train
1950-06-01,654.9999999999999,620.2668,92.137794,511.5746,779.102,12,1. train
1950-07-01,591.9999999999998,423.50858,90.75697,308.54474,591.0491,12,1. train
1950-08-01,495.99999999999983,342.68716,92.84552,242.71544,539.7605,12,1. train
1950-09-01,427.99999999999994,385.59836,86.154015,269.36105,544.4686,12,1. train
1950-10-01,484.99999999999983,561.5093,57.013676,441.2191,637.7937,12,1. train
1950-11-01,1059.0,878.9875,68.71787,738.3248,982.9263,12,1. train
1950-12-01,1649.0,1273.6937,66.24268,1169.1464,1427.2202,12,1. train
1951-01-01,1568.0,1579.7721,86.115135,1425.9064,1716.8148,12,1. train
1951-02-01,1994.0,1668.0239,88.58883,1538.1886,1869.9484,12,1. train
1951-03-01,1805.9999999999993,1533.1659,88.89117,1357.7833,1643.1813,12,1. train
1951-04-01,1275.9999999999998,1262.9325,104.34996,1053.3988,1408.1592,12,1. train
1951-05-01,898.9999999999997,914.70905,91.859665,757.3586,1023.6496,12,1. train
1951-06-01,700.0,619.6567,78.422585,504.9473,803.2194,12,1. train
1951-07-01,556.9999999999998,434.3108,90.0926,303.38876,587.4394,12,1. train
1951-08-01,475.9999999999997,362.80127,98.08482,249.88782,588.3738,12,1. train
1951-09-01,387.99999999999983,430.24146,85.61833,324.64703,544.6397,12,1. train
1951-10-01,432.0,622.8356,83.98126,462.25223,726.3798,12,1. train
1951-11-01,376.9999999999997,943.2155,82.07665,793.7126,1040.6317,12,1. train
1951-12-01,760.9999999999997,1281.7845,132.16748,946.1768,1417.6279,12,1. train
1952-01-01,1214.0,1520.7582,169.1844,1205.8121,1754.1465,12,1. train
1952-02-01,1881.0,1613.6025,103.57224,1436.207,1757.6661,12,1. train
1952-03-01,2356.0,1558.9718,93.30129,1434.9895,1746.3434,12,1. train
1952-04-01,1386.0,1328.669,119.734955,1172.422,1524.0166,12,1. train
1952-05-01,769.9999999999999,1056.8256,138.6196,807.036,1339.3657,12,1. train
1952-06-01,705.9999999999997,764.51227,122.07231,554.11426,973.9159,12,1. train
1952-07-01,506.99999999999994,509.50146,111.42103,360.61673,680.919,12,1. train
1952-08-01,405.99999999999983,371.07068,75.62669,233.83377,471.2467,12,1. train
1952-09-01,403.9999999999998,336.4014,58.40145,250.62712,435.27466,12,1. train
1952-10-01,381.9999999999997,415.63583,73.46891,302.876,516.5811,12,1. train
1952-11-01,660.9999999999999,632.1977,70.47646,485.00854,696.0975,12,1. train
1952-12-01,790.9999999999999,942.30646,100.1138,658.9954,1038.1719,12,1. train
1953-01-01,605.0,1277.0988,116.674736,958.2997,1391.2897,12,1. train
1953-02-01,680.0,1478.3573,180.70158,1165.1942,1701.3702,12,1. train
1953-03-01,838.9999999999997,1457.6426,204.9867,1052.338,1699.1373,12,1. train
1953-04-01,1040.0,1282.5616,188.53114,990.87665,1563.8467,12,1. train
1953-05-01,509.0,992.5169,124.78414,795.4053,1236.8208,12,1. train
1953-06-01,408.99999999999994,714.2332,88.845116,589.1717,885.37616,12,1. train
1953-07-01,353.99999999999994,495.6816,87.81787,402.02133,733.31396,12,1. train
1953-08-01,302.9999999999998,372.82715,65.2601,211.1195,457.99942,12,1. train
1953-09-01,306.99999999999983,348.46524,71.001045,238.0007,493.9515,12,1. train
1953-10-01,329.9999999999999,405.9463,71.87154,291.4569,552.21497,12,1. train
1953-11-01,512.9999999999997,553.52466,64.004135,464.99838,702.63727,12,1. train
1953-12-01,813.0,761.4974,75.32024,624.70355,904.0675,12,1. train
1954-01-01,742.9999999999997,966.501,39.553688,905.06085,1032.2938,12,1. train
1954-02-01,1260.9999999999998,1126.0612,38.95937,1051.6656,1209.1045,12,1. train
1954-03-01,665.9999999999997,1190.9274,36.801533,1142.7255,1259.5406,12,1. train
1954-04-01,660.9999999999999,1104.9419,98.90299,854.1554,1233.146,12,1. train
1954-05-01,631.9999999999998,896.31,157.48334,593.9005,1112.6117,12,1. train
1954-06-01,450.0,660.4937,167.98473,387.95636,900.6259,12,1. train
1954-07-01,327.99999999999983,472.02832,140.40965,295.07263,694.7319,12,1. train
1954-08-01,272.9999999999999,361.2285,104.540794,168.75058,555.0063,12,1. train
1954-09-01,222.0,341.47934,85.484116,181.226,438.77347,12,1. train
1954-10-01,299.0,449.78287,69.9498,313.25113,571.8803,12,1. train
1954-11-01,419.9999999999998,657.25885,63.094322,587.6877,775.9945,12,1. train
1954-12-01,592.9999999999998,895.53107,102.630806,649.71185,1054.2023,12,1. train
1955-01-01,1186.0,1102.6788,94.113075,917.32336,1215.6938,12,1. train
1955-02-01,722.0,1232.0182,80.228874,1090.201,1366.4768,12,1. train
1955-03-01,912.9999999999997,1199.7843,83.61925,1075.0542,1326.5333,12,1. train
1955-04-01,665.0,1054.442,67.39837,959.7107,1157.5762,12,1. train
1955-05-01,416.9999999999997,836.5947,101.81268,569.47943,959.9131,12,1. train
1955-06-01,379.9999999999998,607.3913,98.65869,408.28802,721.96234,12,1. train
1955-07-01,279.99999999999966,439.76328,90.537636,307.15497,592.00574,12,1. train
1955-08-01,231.9999999999998,337.90747,80.87825,208.43097,452.7395,12,1. train
1955-09-01,247.99999999999974,332.781,78.973015,203.5342,430.13528,12,1. train
1955-10-01,283.9999999999997,442.1101,58.337482,334.24686,504.31357,12,1. train
1955-11-01,416.9999999999997,634.5661,63.18459,541.91925,729.7252,12,1. train
1955-12-01,1163.0,895.6406,75.047226,747.9233,1002.25745,12,1. train
1956-01-01,1103.0,1144.5289,103.206436,984.25635,1318.0079,12,1. train
1956-02-01,711.9999999999997,1238.8335,90.81972,1056.958,1358.2849,12,1. train
1956-03-01,1183.9999999999998,1176.8641,121.39119,947.33044,1318.2023,12,1. train
1956-04-01,596.9999999999999,1013.406,105.62155,786.7636,1150.9912,12,1. train
1956-05-01,564.0,781.8499,120.832115,589.70935,952.4728,12,1. train
1956-06-01,531.9999999999997,547.3941,122.816956,340.7157,706.5659,12,1. train
1956-07-01,398.9999999999997,377.38953,106.02853,229.65105,523.77673,12,1. train
1956-08-01,429.99999999999994,303.80533,95.32718,100.279785,428.32602,12,1. train
1956-09-01,351.99999999999994,346.40695,82.73227,192.42062,434.6177,12,1. train
1956-10-01,309.99999999999983,518.5341,90.465614,342.39114,644.26294,12,1. train
1956-11-01,415.9999999999997,774.93555,121.75068,580.1502,988.27997,12,1. train
1956-12-01,1165.0,1064.2987,141.30441,837.89996,1283.0408,12,1. train
1957-01-01,1604.9999999999998,1275.3444,137.45607,997.73676,1473.8511,12,1. train
1957-02-01,1475.0,1356.8236,139.83502,1112.0465,1616.7399,12,1. train
1957-03-01,1662.9999999999998,1298.9247,112.87685,1030.8013,1477.2732,12,1. train
1957-04-01,1547.9999999999998,1111.2489,80.27202,947.7163,1240.2004,12,1. train
1957-05-01,952.0000000000001,875.5293,75.15891,705.635,968.2305,12,1. train
1957-06-01,681.0,638.0968,56.5655,525.08405,727.09686,12,1. train
1957-07-01,587.0,455.52393,51.831913,378.48883,531.51373,12,1. train
1957-08-01,464.99999999999983,367.99802,85.40039,252.80383,535.76227,12,1. train
1957-09-01,619.9999999999999,380.854,83.94742,275.08896,508.36264,12,1. train
1957-10-01,436.9999999999997,525.637,68.62103,413.2665,619.5681,12,1. train
1957-11-01,783.9999999999997,790.25446,100.312065,623.3422,953.1529,12,1. train
1957-12-01,1201.9999999999998,1126.6821,97.86848,921.1509,1232.8029,12,1. train
1958-01-01,954.9999999999999,1435.7812,67.13827,1306.6208,1547.3192,12,1. train
1958-02-01,1534.9999999999998,1557.4159,100.23755,1345.5686,1733.2445,12,1. train
1958-03-01,1249.0,1513.6914,95.01429,1302.1392,1636.2933,12,1. train
1958-04-01,896.9999999999997,1316.6681,100.80059,1139.5844,1467.8406,12,1. train
1958-05-01,894.0,1009.2509,114.22415,816.6226,1222.8599,12,1. train
1958-06-01,751.9999999999999,688.7422,131.93924,464.91345,891.2393,12,1. train
1958-07-01,637.9999999999999,461.2048,98.78083,299.0919,614.11865,12,1. train
1958-08-01,479.99999999999983,353.1934,78.07348,207.30742,457.95648,12,1. train
1958-09-01,585.0,362.66125,85.59085,236.1869,495.20953,12,1. train
1958-10-01,662.0,499.6747,89.19469,356.04276,677.3617,12,1. train
1958-11-01,710.9999999999997,761.4289,97.937225,596.0216,944.91284,12,1. train
1958-12-01,846.9999999999999,1029.943,89.11028,924.98456,1190.5468,12,1. train
1959-01-01,1814.9999999999998,1234.5643,83.82587,1083.3264,1372.4725,12,1. train
1959-02-01,1407.9999999999998,1385.8463,123.55389,1236.9851,1722.3654,12,1. train
1959-03-01,1250.0,1367.3134,96.072,1223.5942,1547.5853,12,1. train
1959-04-01,1094.0,1175.5546,60.725086,1078.0913,1280.545,12,1. train
1959-05-01,692.9999999999999,915.863,82.94328,784.73926,1064.0906,12,1. train
1959-06-01,581.0,655.77576,113.07302,453.58188,813.5446,12,1. train
1959-07-01,496.9999999999998,458.547,116.235596,300.0457,687.3947,12,1. train
1959-08-01,464.99999999999983,366.4454,109.073166,152.12497,519.07263,12,1. train
1959-09-01,400.9999999999998,399.0271,91.11081,209.73665,512.03815,12,1. train
1959-10-01,427.99999999999994,569.15405,72.036964,460.58517,685.00244,12,1. train
1959-11-01,667.9999999999997,823.0454,82.86942,686.3491,927.2246,12,1. train
1959-12-01,779.9999999999997,1153.1862,113.125114,925.55084,1321.1301,12,1. train
1960-01-01,1564.0,1426.8497,119.05232,1262.8615,1638.5522,12,1. train
1960-02-01,1646.0,1509.34,92.97752,1371.141,1655.423,12,1. train
1960-03-01,2119.0,1421.5259,86.995384,1315.6589,1566.2888,12,1. train
1960-04-01,999.0,1206.6991,99.960434,1061.3359,1440.92,12,1. train
1960-05-01,858.9999999999997,918.26764,82.82756,735.7364,1050.7031,12,1. train
1960-06-01,650.9999999999998,648.9322,47.860542,582.72815,743.1516,12,1. train
1960-07-01,637.9999999999999,443.317,52.599316,361.0936,552.2858,12,1. train
1960-08-01,508.0,338.59363,79.01291,199.44016,471.17178,12,1. train
1960-09-01,396.9999999999997,340.11435,76.07268,216.1113,451.57272,12,1. train
1960-10-01,427.99999999999994,476.5134,67.706406,367.33917,587.6576,12,1. train
1960-11-01,547.9999999999997,740.8279,78.51716,565.1999,833.57336,12,1. train
1960-12-01,1310.9999999999998,1085.3136,108.807205,901.67975,1221.5919,12,1. train
1961-01-01,2747.0,1430.4287,127.33946,1219.6315,1635.3528,12,1. train
1961-02-01,2902.0,1625.5688,160.5286,1452.0411,2038.6931,12,1. train
1961-03-01,2754.0,1608.335,190.86693,1367.6108,2026.1984,12,1. train
1961-04-01,1457.0,1384.0072,150.91248,1223.9606,1731.2198,12,1. train
1961-05-01,1223.0,1092.9216,155.59103,902.95026,1436.609,12,1. train
1961-06-01,840.9999999999997,824.2651,148.96364,621.13855,1105.0731,12,1. train
1961-07-01,676.0,589.6899,149.18561,343.88052,772.1199,12,1. train
1961-08-01,570.9999999999998,460.59473,145.92906,278.49213,806.81903,12,1. train
1961-09-01,505.99999999999994,475.53732,152.7268,304.96854,719.4188,12,1. train
1961-10-01,425.99999999999983,629.48346,122.39872,430.34933,822.333,12,1. train
1961-11-01,635.9999999999999,944.7798,181.66385,580.21564,1193.5497,12,1. train
1961-12-01,771.9999999999999,1337.9996,170.72177,1105.0582,1663.2699,12,1. train
1962-01-01,1299.9999999999998,1660.5948,189.88034,1390.9781,1930.734,12,1. train
1962-02-01,2389.0,1768.0747,198.643,1445.8165,2044.7485,12,1. train
1962-03-01,1573.0,1669.9327,181.96175,1304.4509,1891.3387,12,1. train
1962-04-01,943.9999999999999,1416.4384,172.97911,1127.5027,1655.6407,12,1. train
1962-05-01,796.0,1061.4357,158.01978,837.6106,1303.0629,12,1. train
1962-06-01,695.9999999999999,759.6311,137.4758,552.60785,1016.7166,12,1. train
1962-07-01,533.9999999999998,513.3422,142.20576,372.24738,787.7735,12,1. train
1962-08-01,471.9999999999997,385.15173,89.277664,199.32066,487.179,12,1. train
1962-09-01,463.99999999999983,363.56555,75.32696,265.04504,473.6642,12,1. train
1962-10-01,694.9999999999999,472.45276,63.822536,360.9607,579.61847,12,1. train
1962-11-01,832.9999999999999,742.7308,93.36081,587.7072,976.5704,12,1. train
1962-12-01,1453.9999999999998,1117.438,124.23583,978.87726,1342.5562,12,1. train
1963-01-01,1723.0,1461.0446,133.20425,1282.5447,1659.2777,12,1. train
1963-02-01,1488.9999999999998,1621.7427,116.432625,1433.6588,1802.0028,12,1. train
1963-03-01,993.9999999999997,1516.7697,108.10904,1383.3993,1697.0709,12,1. train
1963-04-01,640.0,1220.9708,139.11494,917.3829,1337.6223,12,1. train
1963-05-01,523.9999999999999,864.26654,193.32043,474.93668,1073.8262,12,1. train
1963-06-01,441.99999999999983,553.51416,158.21066,292.86612,732.83856,12,1. train
1963-07-01,398.9999999999997,362.36667,108.793785,210.54454,551.7871,12,1. train
1963-08-01,346.99999999999983,306.61304,71.46012,145.68184,384.18198,12,1. train
1963-09-01,297.0,417.71704,68.065895,284.7653,509.19952,12,1. train
1963-10-01,368.99999999999994,661.9547,60.007732,582.0869,754.1533,12,1. train
1963-11-01,506.99999999999994,979.457,85.633934,791.47614,1067.6675,12,1. train
1963-12-01,333.99999999999994,1265.8224,114.280266,997.98285,1404.9607,12,1. train
1964-01-01,1452.9999999999998,1391.5967,134.1029,1086.6172,1572.107,12,1. train
1964-02-01,1953.9999999999993,1374.1049,123.53669,1186.3018,1610.4017,12,1. train
1964-03-01,822.9999999999997,1228.2008,152.49138,1074.6934,1587.769,12,1. train
1964-04-01,751.9999999999999,995.5186,166.3456,811.29553,1326.7997,12,1. train
1964-05-01,610.9999999999998,752.54535,135.52919,605.9498,968.7203,12,1. train
1964-06-01,469.0,539.88525,103.1374,411.48843,712.31256,12,1. train
1964-07-01,377.9999999999997,385.55472,63.742985,280.0155,472.28287,12,1. train
1964-08-01,257.99999999999994,323.62643,72.07555,175.84111,431.59814,12,1. train
1964-09-01,224.9999999999997,332.12122,116.34163,124.579865,492.92767,12,1. train
1964-10-01,530.9999999999997,483.3444,100.09332,249.23746,593.84686,12,1. train
1964-11-01,742.0,755.05975,95.671,591.3974,910.3696,12,1. train
1964-12-01,1254.9999999999998,1106.1077,105.75642,909.1224,1281.7385,12,1. train
1965-01-01,2464.0,1426.7114,93.86929,1205.6173,1574.964,12,1. train
1965-02-01,3125.0,1575.1488,139.84285,1380.5933,1899.8522,12,1. train
1965-03-01,2523.0,1515.0983,175.27872,1328.9543,1983.4386,12,1. train
1965-04-01,1321.0,1282.8304,164.83588,1079.4996,1606.8005,12,1. train
1965-05-01,1438.0,1002.86456,157.77942,743.7561,1327.5359,12,1. train
1965-06-01,1062.0,719.4456,160.7026,422.835,1045.7072,12,1. train
1965-07-01,947.0000000000001,517.9982,175.48415,216.68022,762.2406,12,1. train
1965-08-01,777.0,441.57376,181.23256,198.4692,803.3203,12,1. train
1965-09-01,641.0,512.8257,150.69595,283.256,795.36707,12,1. train
1965-10-01,972.9999999999997,728.5042,120.62483,427.34967,860.8522,12,1. train
1965-11-01,1188.0,1094.7059,136.7591,832.86896,1267.8464,12,1. train
1965-12-01,1869.0000000000002,1549.3779,158.53996,1337.7695,1756.4867,12,1. train
1966-01-01,3033.0,1872.5801,174.18562,1663.8389,2219.5952,12,1. train
1966-02-01,2092.0,1978.2352,136.99046,1786.8046,2228.779,12,1. train
1966-03-01,2679.0,1819.6821,145.66846,1601.2407,2177.3608,12,1. train
1966-04-01,1449.9999999999998,1506.8969,148.55278,1293.3729,1838.7877,12,1. train
1966-05-01,1034.0,1128.7992,152.02136,869.5967,1380.8512,12,1. train
1966-06-01,725.9999999999997,773.7929,102.7069,596.1689,913.0456,12,1. train
1966-07-01,581.0,537.97784,110.91587,381.21402,722.8069,12,1. train
1966-08-01,485.99999999999994,445.7378,141.01341,291.17532,798.54266,12,1. train
1966-09-01,483.99999999999983,509.69885,120.32152,332.21924,735.5002,12,1. train
1966-10-01,804.9999999999997,761.4753,128.94398,575.86786,986.42926,12,1. train
1966-11-01,1343.0,1152.5037,132.07864,940.3622,1313.1932,12,1. train
1966-12-01,1856.0,1615.4307,142.63618,1267.8038,1783.5731,12,1. train
1967-01-01,3014.0,1909.5748,163.9634,1649.9137,2161.2798,12,1. train
1967-02-01,2594.0,1937.5605,155.07924,1671.0693,2149.6487,12,1. train
1967-03-01,1916.0,1706.2056,153.92926,1498.1403,2026.6621,12,1. train
1967-04-01,1167.9999999999998,1304.2291,108.16761,1061.7502,1438.3148,12,1. train
1967-05-01,879.9999999999999,915.20575,162.45718,684.04095,1255.1848,12,1. train
1967-06-01,762.9999999999997,616.71674,166.6795,381.91257,1024.062,12,1. train
1967-07-01,624.0,445.64542,132.13919,289.50238,712.54095,12,1. train
1967-08-01,546.0,437.73328,140.12485,211.59836,729.7402,12,1. train
1967-09-01,502.99999999999983,554.5147,117.26797,316.37103,676.1142,12,1. train
1967-10-01,522.9999999999999,844.216,117.996124,622.624,1012.28595,12,1. train
1967-11-01,1080.0,1206.057,148.10896,960.4351,1394.3862,12,1. train
1967-12-01,1303.0,1574.6176,120.08281,1350.4082,1777.6777,12,1. train
1968-01-01,1655.9999999999998,1783.5729,134.65244,1556.6951,2042.494,12,1. train
1968-02-01,988.0,1723.4061,108.670975,1536.2244,1908.5275,12,1. train
1968-03-01,958.9999999999997,1444.703,174.13832,1001.1252,1647.5472,12,1. train
1968-04-01,611.9999999999998,1095.089,146.83307,802.8038,1338.6594,12,1. train
1968-05-01,470.99999999999994,756.0805,157.42311,485.2288,985.33276,12,1. train
1968-06-01,408.99999999999994,492.33615,162.75467,295.64053,881.934,12,1. train
1968-07-01,357.9999999999997,347.55984,63.873245,254.2995,434.96375,12,1. train
1968-08-01,366.99999999999983,329.54324,76.76091,127.89844,439.51096,12,1. train
1968-09-01,362.9999999999998,438.71793,95.89683,257.98492,611.514,12,1. train
1968-10-01,453.0,665.56024,120.99307,436.62997,868.6598,12,1. train
1968-11-01,389.99999999999983,968.50494,107.88211,830.64966,1110.761,12,1. train
1968-12-01,1336.9999999999998,1208.3892,127.10136,971.00775,1404.6615,12,1. train
1969-01-01,1171.0,1354.0886,112.66429,1147.2732,1509.4915,12,1. train
1969-02-01,1192.9999999999998,1314.325,79.02894,1202.075,1471.3342,12,1. train
1969-03-01,966.0,1150.546,100.59512,1023.13617,1365.8007,12,1. train
1969-04-01,635.9999999999999,883.9633,77.38085,729.5654,1048.0035,12,1. train
1969-05-01,413.0,616.3668,102.26138,427.37173,780.12585,12,1. train
1969-06-01,435.9999999999997,418.51938,89.06438,270.91876,581.53284,12,1. train
1969-07-01,338.0,327.8033,78.08555,140.7924,417.17795,12,1. train
1969-08-01,312.9999999999999,316.47318,93.97095,177.6424,461.35352,12,1. train
1969-09-01,213.99999999999986,421.53064,66.9435,308.4559,502.74704,12,1. train
1969-10-01,477.99999999999983,620.7501,72.28776,495.89877,722.77826,12,1. train
1969-11-01,1240.9999999999998,904.6609,86.0133,789.6042,1063.8022,12,1. train
1969-12-01,1142.9999999999998,1206.518,104.63043,1068.788,1374.5332,12,1. train
1970-01-01,1412.0,1355.9012,111.33205,1055.611,1491.2383,12,1. train
1970-02-01,1280.0,1320.2179,114.220764,1054.8278,1458.3827,12,1. train
1970-03-01,1321.0,1143.0651,108.02666,974.8753,1290.9246,12,1. train
1970-04-01,760.9999999999997,903.25824,114.79236,715.90826,1114.459,12,1. train
1970-05-01,533.9999999999998,652.5485,93.28639,484.3135,761.51385,12,1. train
1970-06-01,445.99999999999994,446.3711,94.920876,310.41904,621.4143,12,1. train
1970-07-01,429.99999999999994,328.06195,87.89771,170.39005,442.7966,12,1. train
1970-08-01,346.99999999999983,336.66864,89.258286,216.75009,486.96387,12,1. train
1970-09-01,613.9999999999999,456.59717,67.03349,339.64886,561.4015,12,1. train
1970-10-01,527.0,708.22516,76.99341,573.28046,807.65173,12,1. train
1970-11-01,826.9999999999999,1021.6452,80.418594,867.20044,1132.3567,12,1. train
1970-12-01,554.9999999999998,1276.3481,96.06142,1135.891,1424.3066,12,1. train
1971-01-01,611.9999999999998,1375.2427,141.8133,1006.3704,1520.3221,12,1. train
1971-02-01,356.9999999999997,1343.9916,159.89821,978.06134,1500.3944,12,1. train
1971-03-01,476.9999999999997,1157.3419,204.33334,637.48193,1365.3549,12,1. train
1971-04-01,400.9999999999998,867.2224,203.90149,455.72647,1084.7117,12,1. train
1971-05-01,309.99999999999983,612.9444,145.89621,382.01898,793.7981,12,1. train
1971-06-01,364.9999999999998,434.0045,89.89818,293.71567,639.0649,12,1. train
1971-07-01,308.99999999999983,366.31015,61.385647,247.81834,472.3358,12,1. train
1971-08-01,217.99999999999991,419.93356,68.28007,307.30405,525.7061,12,1. train
1971-09-01,231.9999999999998,549.53186,112.5945,388.05966,714.1423,12,1. train
1971-10-01,469.99999999999994,710.5894,129.62233,455.9826,943.59644,12,1. train
1971-11-01,532.9999999999998,853.7768,141.65271,589.17004,1076.2479,12,1. train
1971-12-01,1545.9999999999998,923.4619,127.0479,664.7943,1082.1218,12,1. train
1972-01-01,1319.0,985.62726,193.92514,744.8364,1501.3081,12,1. train
1972-02-01,1776.0,957.7735,200.4111,761.7174,1390.6666,12,1. train
1972-03-01,1623.0,854.1485,184.31305,649.76215,1157.0518,12,1. train
1972-04-01,892.0,730.679,142.91235,537.4104,968.96857,12,1. train
1972-05-01,595.9999999999999,609.69244,117.825035,379.49213,827.99805,12,1. train
1972-06-01,469.0,477.76334,95.95156,306.38425,617.75214,12,1. train
1972-07-01,617.9999999999999,399.1508,129.12328,196.28683,562.92096,12,1. train
1972-08-01,441.99999999999983,385.31003,114.832924,214.4928,590.1852,12,1. train
1972-09-01,383.99999999999983,476.6395,76.746185,370.4824,654.47943,12,1. train
1972-10-01,693.9999999999997,671.07324,85.78148,565.2472,856.80304,12,1. train
1972-11-01,1132.0,957.5982,138.71642,679.68384,1164.7886,12,1. train
1972-12-01,1290.0,1282.04,117.380646,1074.8068,1461.1497,12,1. train
1973-01-01,1587.0,1465.9077,144.19318,1252.2947,1699.2606,12,1. train
1973-02-01,1427.9999999999998,1446.2719,149.947,1223.9711,1631.4928,12,1. train
1973-03-01,919.9999999999999,1281.1776,142.88826,1084.5024,1503.7905,12,1. train
1973-04-01,1133.0,988.57733,136.48102,780.3986,1262.1624,12,1. train
1973-05-01,662.0,688.04,122.75102,476.9557,884.67993,12,1. train
1973-06-01,501.99999999999983,474.57712,96.57257,343.32227,654.1888,12,1. train
1973-07-01,437.9999999999998,355.40897,93.93072,163.65161,435.79584,12,1. train
1973-08-01,379.9999999999998,353.92163,87.240524,227.97093,531.32983,12,1. train
1973-09-01,332.99999999999994,482.39514,54.06941,408.84167,564.0812,12,1. train
1973-10-01,485.99999999999994,711.9573,83.03995,595.59467,844.6961,12,1. train
1973-11-01,739.0,1017.91925,88.29352,837.24347,1131.2416,12,1. train
1973-12-01,1408.9999999999998,1277.5607,116.53877,1090.3021,1439.8201,12,1. train
1974-01-01,1829.9999999999998,1435.75,102.06701,1304.8729,1611.6588,12,1. train
1974-02-01,1063.9999999999998,1470.5234,121.34031,1328.9873,1747.5468,12,1. train
1974-03-01,1543.9999999999998,1309.309,92.83293,1159.2332,1519.1534,12,1. train
1974-04-01,1118.0,1069.6421,60.89596,938.3878,1183.039,12,1. train
1974-05-01,672.9999999999999,790.32635,49.245728,719.8318,878.6054,12,1. train
1974-06-01,660.9999999999999,531.3931,64.51539,436.16266,640.388,12,1. train
1974-07-01,511.9999999999997,369.08023,67.70996,273.4556,497.33997,12,1. train
1974-08-01,404.99999999999983,319.07593,81.625175,212.55595,476.68753,12,1. train
1974-09-01,313.99999999999994,399.31613,68.664375,277.15588,519.2493,12,1. train
1974-10-01,410.99999999999994,625.1487,82.354614,482.05026,747.5685,12,1. train
1974-11-01,393.99999999999994,938.2007,115.44734,726.4853,1156.6036,12,1. train
1974-12-01,1095.0,1291.9733,142.22603,991.1435,1488.7493,12,1. train
1975-01-01,1460.0,1522.5923,152.54514,1267.957,1743.9736,12,1. train
1975-02-01,1555.0,1566.6234,102.4721,1448.1594,1729.8037,12,1. train
1975-03-01,871.0,1475.6227,88.39167,1336.7136,1615.3514,12,1. train
1975-04-01,703.9999999999997,1208.3585,109.04534,959.07477,1371.7131,12,1. train
1975-05-01,501.99999999999983,894.18945,118.946815,637.7543,1064.2535,12,1. train
1975-06-01,379.9999999999998,605.21027,124.35388,390.30594,796.757,12,1. train
1975-07-01,413.9999999999997,396.39868,88.02943,256.22238,563.54395,12,1. train
1975-08-01,261.0,300.70575,91.35498,116.994415,444.84756,12,1. train
1975-09-01,241.0,321.48312,81.65541,172.59999,434.8752,12,1. train
1975-10-01,455.9999999999998,486.23758,76.50985,330.8202,613.0587,12,1. train
1975-11-01,987.0,758.33356,66.58088,664.9498,880.3518,12,1. train
1975-12-01,1196.0,1081.402,78.53908,941.7814,1219.1466,12,1. train
1976-01-01,957.9999999999997,1322.5038,104.72292,1166.6782,1513.4512,12,1. train
1976-02-01,1142.9999999999998,1336.5157,135.14084,1099.4397,1558.4426,12,1. train
1976-03-01,1266.0,1189.7174,118.384,955.6403,1383.8141,12,1. train
1976-04-01,962.0,949.1685,122.01232,764.55774,1104.2153,12,1. train
1976-05-01,775.0,688.00244,111.734505,485.1907,825.5094,12,1. train
1976-06-01,753.0,477.0271,111.90372,271.65997,679.6864,12,1. train
1976-07-01,783.9999999999997,358.39395,96.37669,160.40976,454.47812,12,1. train
1976-08-01,743.9999999999997,351.09586,87.357834,202.31064,470.0911,12,1. train
1976-09-01,1067.9999999999998,462.1523,109.36359,293.1149,743.7891,12,1. train
1976-10-01,917.0000000000001,692.0405,190.3633,487.6542,1214.9294,12,1. train
1976-11-01,1372.9999999999998,973.6162,143.66978,803.54956,1285.7874,12,1. train
1976-12-01,1914.9999999999993,1225.0953,141.7195,1065.2733,1558.0485,12,1. train
1977-01-01,1986.0,1362.7625,171.04663,1187.8724,1831.743,12,1. train
1977-02-01,1615.9999999999998,1378.0029,173.64714,1124.7607,1764.1876,12,1. train
1977-03-01,1192.9999999999998,1229.8534,146.73668,1015.13165,1434.9818,12,1. train
1977-04-01,1189.0,984.91113,143.4745,781.92645,1223.4834,12,1. train
1977-05-01,697.9999999999999,741.18634,143.61896,531.8261,957.5448,12,1. train
1977-06-01,595.9999999999999,572.3464,139.4834,369.2136,771.65533,12,1. train
1977-07-01,466.99999999999983,489.6422,156.64545,273.30194,714.5978,12,1. train
1977-08-01,362.9999999999998,544.9157,166.92009,356.30716,834.5445,12,1. train
1977-09-01,583.0,726.19257,144.20428,511.833,1034.2433,12,1. train
1977-10-01,419.9999999999998,994.1946,111.20257,852.6373,1168.7382,12,1. train
1977-11-01,831.9999999999999,1307.2638,153.04263,953.0464,1532.883,12,1. train
1977-12-01,1448.9999999999998,1553.023,154.12793,1310.5259,1777.5684,12,1. train
1978-01-01,1918.9999999999993,1629.4093,110.753685,1436.7052,1845.8049,12,1. train
1978-02-01,1268.0,1546.785,121.49796,1414.8381,1785.7188,12,1. train
1978-03-01,1224.0,1293.963,113.910355,1152.0958,1537.1826,12,1. train
1978-04-01,755.9999999999999,1011.7256,84.205986,842.89465,1135.9165,12,1. train
1978-05-01,706.9999999999997,710.7842,101.11254,527.86176,883.62604,12,1. train
1978-06-01,699.0,462.53946,101.135895,303.34045,665.9476,12,1. train
1978-07-01,494.9999999999997,345.47977,63.602123,234.5362,426.75037,12,1. train
1978-08-01,371.99999999999994,340.96518,58.535095,251.80803,436.94714,12,1. train
1978-09-01,353.99999999999994,447.63208,68.275925,359.51395,587.41254,12,1. train
1978-10-01,493.9999999999997,697.5232,79.08626,585.2869,814.12726,12,1. train
1978-11-01,892.0,1029.3269,95.21127,813.08997,1192.9017,12,1. train
1978-12-01,1099.9999999999998,1356.7394,119.37371,1168.74,1524.8177,12,1. train
1979-01-01,1385.0,1526.6841,108.30878,1373.8428,1746.4009,12,1. train
1979-02-01,2413.0,1495.0109,82.80543,1362.9406,1677.4594,12,1. train
1979-03-01,1422.0,1361.6798,128.87993,1198.4541,1682.1724,12,1. train
1979-04-01,963.0,1090.8331,147.20001,846.4447,1352.7871,12,1. train
1979-05-01,807.9999999999999,803.8814,86.84414,625.70984,958.1761,12,1. train
1979-06-01,642.0,546.69055,79.6842,452.52365,697.3909,12,1. train
1979-07-01,577.9999999999999,372.80054,67.09464,272.14636,501.77014,12,1. train
1979-08-01,551.9999999999998,315.61118,103.635925,196.39297,503.41452,12,1. train
1979-09-01,732.9999999999999,392.3121,86.8413,246.59317,533.5375,12,1. train
1979-10-01,527.0,625.48926,92.049805,495.36398,787.49634,12,1. train
1979-11-01,945.9999999999999,968.02295,73.387794,858.63965,1120.369,12,1. train
1979-12-01,1651.0,1344.9138,81.29107,1229.814,1510.1354,12,1. train
1980-01-01,2690.0,1614.892,111.9151,1503.7144,1886.5094,12,1. train
1980-02-01,1929.0000000000002,1706.4911,137.43892,1550.0632,2017.7466,12,1. train
1980-03-01,1120.9999999999998,1545.6206,112.26739,1396.5332,1763.6259,12,1. train
1980-04-01,1709.0,1196.8904,59.583607,1058.8997,1265.3779,12,1. train
1980-05-01,914.9999999999997,853.1843,82.14282,708.54114,985.5038,12,1. train
1980-06-01,783.9999999999997,602.4943,86.03056,518.73004,751.83673,12,1. train
1980-07-01,673.9999999999999,449.02206,120.86803,280.56516,648.59705,12,1. train
1980-08-01,486.99999999999994,414.90958,122.60837,258.4476,703.65393,12,1. train
1980-09-01,492.00000000000006,525.9952,112.17866,371.4343,722.4358,12,1. train
1980-10-01,458.9999999999998,781.7236,137.00476,491.13562,922.39197,12,1. train
1980-11-01,823.9999999999997,1137.2738,110.43118,971.36914,1291.5343,12,1. train
1980-12-01,1762.0,1496.3278,125.0976,1273.2247,1709.5552,12,1. train
1981-01-01,2713.0,1760.2081,128.30154,1543.4869,1980.9349,12,1. train
1981-02-01,1296.9999999999998,1782.7845,151.72849,1578.7262,2155.9988,12,1. train
1981-03-01,1215.9999999999998,1579.2197,126.865295,1367.2013,1804.3405,12,1. train
1981-04-01,917.0000000000001,1274.7048,123.81516,991.9662,1462.8872,12,1. train
1981-05-01,697.9999999999999,969.56226,103.448425,841.6106,1112.437,12,1. train
1981-06-01,703.9999999999997,630.45953,158.00723,308.38126,860.13696,12,1. train
1981-07-01,503.99999999999994,417.23288,95.425476,280.52472,594.8673,12,1. train
1981-08-01,469.0,359.2258,90.01779,227.04901,501.3072,12,1. train
1981-09-01,355.0,461.53406,109.1369,294.71756,706.6658,12,1. train
1981-10-01,818.9999999999997,750.6993,143.23477,467.20026,994.4767,12,1. train
1981-11-01,1325.0,1163.0068,159.02292,823.8003,1359.5087,12,1. train
1981-12-01,2333.0,1566.2985,122.392395,1387.2269,1719.7238,12,1. train
1982-01-01,2417.0,1754.4515,155.23462,1543.2792,2043.2164,12,1. train
1982-02-01,1819.9999999999993,1675.1732,106.88089,1490.9108,1926.0015,12,1. train
1982-03-01,2845.0,1445.1674,141.74316,1180.828,1745.5914,12,1. train
1982-04-01,1651.0,1150.5565,232.70712,929.7292,1829.0647,12,1. train
1982-05-01,1061.0,855.2015,258.35193,535.3605,1369.9417,12,1. train
1982-06-01,952.0000000000001,615.9529,229.85435,351.5324,1109.4711,12,1. train
1982-07-01,760.0,485.51956,205.20253,264.67865,949.40857,12,1. train
1982-08-01,626.9999999999998,487.86572,181.91945,246.20303,892.54224,12,1. train
1982-09-01,487.99999999999994,628.66406,135.9183,348.8494,873.1631,12,1. train
1982-10-01,768.9999999999999,907.19354,162.09007,625.1416,1136.7914,12,1. train
1982-11-01,797.9999999999997,1321.8193,172.29958,954.0369,1526.5206,12,1. train
1982-12-01,2073.0,1755.3812,142.34503,1562.1378,2114.7612,12,1. train
1983-01-01,3506.0,2027.1191,148.07245,1780.7677,2315.9185,12,1. train
1983-02-01,3230.0,2080.5256,172.52296,1840.7666,2453.6938,12,1. train
1983-03-01,3046.0,1885.9305,113.555046,1712.9111,2061.1255,12,1. train
1983-04-01,2327.0,1500.0187,104.02442,1333.7113,1691.4974,12,1. train
1983-05-01,1572.0,1118.3258,196.51573,881.18304,1523.2725,12,1. train
1983-06-01,2303.0,815.3935,251.94266,546.36755,1248.5592,12,1. train
1983-07-01,1308.0,636.83887,281.55743,223.34877,1057.0074,12,1. train
1983-08-01,920.9999999999999,635.743,342.8288,81.140274,1146.6951,12,1. train
1983-09-01,1888.9999999999993,756.6797,354.6215,145.711,1198.1346,12,1. train
1983-10-01,1821.9999999999993,1047.5988,305.58505,475.75586,1459.9033,12,1. train
1983-11-01,1989.0000000000002,1468.4545,330.33438,1007.4922,2044.2543,12,1. train
1983-12-01,3123.0,1892.3846,230.07649,1578.1638,2327.855,12,1. train
1984-01-01,2192.0,2138.571,158.75403,1949.1489,2395.606,12,1. train
1984-02-01,1314.9999999999998,2096.1394,180.4848,1755.9658,2345.346,12,1. train
1984-03-01,993.9999999999997,1802.8646,265.7672,1416.243,2354.0288,12,1. train
1984-04-01,913.9999999999997,1432.9653,235.84068,1094.1239,1774.7959,12,1. train
1984-05-01,860.9999999999997,1069.5526,254.96614,682.9286,1465.5449,12,1. train
1984-06-01,576.9999999999999,772.46515,231.00502,410.89673,1275.4656,12,1. train
1984-07-01,465.99999999999983,601.4863,201.06589,353.26105,987.21185,12,1. train
1984-08-01,481.99999999999983,588.5869,193.51904,231.68817,918.7592,12,1. train
1984-09-01,547.0,837.34393,270.33258,360.75882,1218.3201,12,1. train
1984-10-01,423.99999999999983,1161.4482,332.9363,641.88165,1704.3782,12,1. train
1984-11-01,630.9999999999999,1447.5677,301.70663,986.4002,2005.7428,12,1. train
1984-12-01,1326.0,1609.9401,208.93738,1327.3138,1874.1636,12,1. train
1985-01-01,2594.0,1591.6097,106.38183,1434.2819,1748.371,12,1. train
1985-02-01,2210.0,1483.945,237.26144,1236.4326,2026.1204,12,1. train
1985-03-01,2434.0,1289.5287,315.87344,956.2121,1894.8597,12,1. train
1985-04-01,1343.0,1001.7928,335.34836,499.07297,1539.9756,12,1. train
1985-05-01,880.9999999999997,761.268,304.81964,282.1677,1180.9055,12,1. train
1985-06-01,680.0,546.8112,196.1362,177.7265,822.5197,12,1. train
1985-07-01,565.0,455.29843,112.916626,249.82216,675.67365,12,1. train
1985-08-01,475.9999999999997,456.46558,112.12277,284.98907,653.90906,12,1. train
1985-09-01,502.99999999999983,532.533,106.880455,361.5958,685.6658,12,1. train
1985-10-01,469.99999999999994,738.3369,110.718796,540.438,886.49036,12,1. train
1985-11-01,759.0,1035.9772,123.90894,767.4584,1182.1259,12,1. train
1985-12-01,1036.0,1390.4926,137.07878,1159.5428,1589.943,12,1. train
1986-01-01,1715.9999999999998,1655.9825,167.81932,1414.6768,1918.6666,12,1. train
1986-02-01,1540.0,1700.0702,176.91309,1421.6028,1930.9172,12,1. train
1986-03-01,1365.0,1529.4043,171.64795,1141.9552,1721.3813,12,1. train
1986-04-01,805.9999999999997,1232.3873,155.06793,979.79877,1533.9932,12,1. train
1986-05-01,832.9999999999999,887.48364,162.49773,649.914,1139.6201,12,1. train
1986-06-01,554.9999999999998,598.93726,133.05919,378.67435,826.112,12,1. train
1986-07-01,565.0,400.29092,109.12937,259.85458,616.65375,12,1. train
1986-08-01,589.9999999999997,339.0767,106.896286,126.55181,556.4118,12,1. train
1986-09-01,368.99999999999994,372.57346,99.55627,220.04124,513.48376,12,1. train
1986-10-01,293.9999999999999,555.4119,81.734985,392.6079,678.8894,12,1. train
1986-11-01,342.9999999999998,810.03925,66.73704,666.0217,930.08344,12,1. train
1986-12-01,1699.9999999999998,1115.2401,120.866905,824.1473,1310.1594,12,1. train
1987-01-01,1944.9999999999998,1399.6556,145.80688,1122.5337,1710.3444,12,1. train
1987-02-01,1756.9999999999998,1489.4526,150.43376,1264.1768,1787.3647,12,1. train
1987-03-01,1209.0,1404.3473,163.38422,1146.7986,1709.7783,12,1. train
1987-04-01,1232.0,1163.2732,115.4787,1044.7125,1388.7474,12,1. train
1987-05-01,837.9999999999997,890.1827,101.59182,736.06366,1078.2291,12,1. train
1987-06-01,702.9999999999997,635.27405,89.82147,522.3391,853.7989,12,1. train
1987-07-01,547.9999999999997,454.5121,74.40058,306.13113,592.16376,12,1. train
1987-08-01,434.0,370.24466,73.80841,258.45508,482.26895,12,1. train
1987-09-01,572.9999999999998,399.77512,66.73337,311.3966,549.5559,12,1. train
1987-10-01,458.9999999999998,583.81213,108.71592,425.51108,756.0988,12,1. train
1987-11-01,589.9999999999997,894.74146,125.42659,606.299,1074.724,12,1. train
1987-12-01,1345.0,1267.7423,98.16498,1090.0548,1397.654,12,1. train
1988-01-01,1303.0,1534.1173,109.324715,1394.0385,1682.4016,12,1. train
1988-02-01,1788.0,1581.8383,85.735596,1475.8456,1787.8636,12,1. train
1988-03-01,1421.0,1450.4115,68.60186,1336.8228,1548.1643,12,1. train
1988-04-01,842.9999999999997,1211.2725,99.015434,1090.8125,1372.229,12,1. train
1988-05-01,712.9999999999999,914.03314,89.679184,807.2899,1077.7671,12,1. train
1988-06-01,645.0,611.4998,128.57843,331.3627,798.72943,12,1. train
1988-07-01,434.9999999999997,415.59818,95.73969,230.61412,585.99054,12,1. train
1988-08-01,383.99999999999983,329.73636,89.70994,173.11148,515.45105,12,1. train
1988-09-01,320.9999999999997,366.4485,85.344734,218.87033,500.3077,12,1. train
1988-10-01,563.0,530.89355,58.89277,449.08548,624.9935,12,1. train
1988-11-01,654.9999999999999,830.5468,66.67003,711.5749,972.6759,12,1. train
1988-12-01,809.9999999999999,1156.1128,86.38065,961.68024,1329.84,12,1. train
1989-01-01,1794.9999999999998,1376.1974,107.04796,1224.2694,1552.5234,12,1. train
1989-02-01,1579.9999999999998,1479.2435,93.776505,1298.5591,1684.8627,12,1. train
1989-03-01,1618.9999999999998,1396.6738,92.109825,1233.1842,1539.8098,12,1. train
1989-04-01,893.0,1136.4806,71.931145,1029.0828,1235.8491,12,1. train
1989-05-01,595.9999999999999,848.80695,89.73997,677.48944,973.8623,12,1. train
1989-06-01,552.9999999999998,583.21967,93.411095,373.2758,704.5893,12,1. train
1989-07-01,486.99999999999994,388.488,79.75473,252.3623,539.6006,12,1. train
1989-08-01,475.9999999999997,314.01266,90.975655,130.55841,435.224,12,1. train
1989-09-01,486.99999999999994,361.816,77.89456,207.42845,476.5893,12,1. train
1989-10-01,436.9999999999997,543.1868,40.072998,474.34842,616.937,12,1. train
1989-11-01,511.9999999999997,816.78424,69.52377,695.256,923.03296,12,1. train
1989-12-01,1128.0,1141.3156,94.75411,922.09,1259.3689,12,1. train
1990-01-01,1364.0,1417.5298,98.89836,1214.2589,1591.1815,12,1. train
1990-02-01,639.0,1478.1617,91.01069,1249.8932,1596.3334,12,1. train
1990-03-01,1085.9999999999998,1324.0197,156.68721,972.395,1464.1636,12,1. train
1990-04-01,723.0,1070.8633,125.23247,755.1479,1253.315,12,1. train
1990-05-01,629.9999999999998,772.83673,123.91416,540.4731,941.91034,12,1. train
1990-06-01,427.99999999999994,528.5607,86.85889,381.76807,642.27466,12,1. train
1990-07-01,432.0,382.64542,76.374985,292.623,562.6554,12,1. train
1990-08-01,404.99999999999983,337.94327,96.014275,176.9991,522.4996,12,1. train
1990-09-01,461.99999999999983,383.81857,78.660805,274.62143,492.8003,12,1. train
1990-10-01,442.99999999999983,562.48926,63.540768,428.3836,657.454,12,1. train
1990-11-01,383.99999999999983,810.2798,97.86979,667.7659,967.19293,12,1. train
1990-12-01,590.9999999999998,1087.38,113.94136,873.2027,1224.1549,12,1. train
1991-01-01,1925.9999999999993,1245.8544,165.50693,898.4201,1488.246,12,1. train
1991-02-01,1980.9999999999998,1324.4414,185.4792,1022.56226,1781.1158,12,1. train
1991-03-01,1764.0,1293.5491,195.02641,1013.6727,1675.39,12,1. train
1991-04-01,1914.9999999999993,1105.727,160.87437,907.0259,1422.3141,12,1. train
1991-05-01,1031.9999999999998,912.92773,158.82242,769.1511,1273.3641,12,1. train
1991-06-01,676.9999999999999,709.6846,132.03072,578.85315,948.15607,12,1. train
1991-07-01,578.9999999999999,501.84195,101.059975,405.18234,727.97394,12,1. train
1991-08-01,424.99999999999983,396.79346,107.06374,283.88495,654.5813,12,1. train
1991-09-01,389.99999999999983,390.00122,104.26874,247.85703,543.9122,12,1. train
1991-10-01,665.9999999999997,511.4023,61.259914,402.75137,591.42865,12,1. train
1991-11-01,457.9999999999998,777.7004,99.74807,597.35785,956.5379,12,1. train
1991-12-01,808.9999999999999,1105.1781,163.1546,847.60315,1305.5592,12,1. train
1992-01-01,2875.0,1466.4474,126.81533,1213.0428,1662.2001,12,1. train
1992-02-01,2406.0,1696.8197,191.00043,1409.9644,2128.311,12,1. train
1992-03-01,1407.9999999999998,1673.728,168.8379,1354.9705,1927.6317,12,1. train
1992-04-01,1051.9999999999998,1414.8307,162.04019,1073.9523,1672.785,12,1. train
1992-05-01,1002.9999999999999,1098.1876,158.13904,797.6643,1333.5876,12,1. train
1992-06-01,613.9999999999999,787.0657,140.48634,552.4311,1000.1782,12,1. train
1992-07-01,596.9999999999999,546.97266,136.95132,281.29584,770.20917,12,1. train
1992-08-01,447.99999999999983,451.67538,111.41755,264.29996,621.1801,12,1. train
1992-09-01,694.9999999999999,472.8533,122.77012,285.2602,672.99115,12,1. train
1992-10-01,796.0,645.28503,163.91013,424.91202,972.4095,12,1. train
1992-11-01,1297.9999999999998,980.07495,243.5827,510.32474,1331.547,12,1. train
1992-12-01,1188.0,1421.0807,226.80315,1036.88,1772.4655,12,1. train
1993-01-01,1300.9999999999998,1692.1149,215.05669,1383.7935,2038.7177,12,1. train
1993-02-01,1937.9999999999993,1697.9989,184.24055,1400.813,2001.3457,12,1. train
1993-03-01,1511.9999999999998,1500.4424,142.07051,1289.845,1707.2261,12,1. train
1993-04-01,1103.0,1204.6428,118.38779,957.7842,1317.5149,12,1. train
1993-05-01,717.0,856.5012,112.187805,697.3877,1051.7797,12,1. train
1993-06-01,726.9999999999997,572.7026,101.22004,460.93118,752.4573,12,1. train
1993-07-01,501.99999999999983,402.69174,86.95546,306.63248,608.6424,12,1. train
1993-08-01,434.9999999999997,357.1639,74.96889,253.15787,466.11142,12,1. train
1993-09-01,456.9999999999998,462.9268,97.880684,290.96014,599.6089,12,1. train
1993-10-01,565.9999999999997,680.79846,124.35379,509.95065,947.8453,12,1. train
1993-11-01,436.9999999999997,996.2739,105.45957,811.7208,1241.9086,12,1. train
1993-12-01,704.9999999999997,1268.866,143.82866,833.4051,1382.5426,12,1. train
1994-01-01,1927.0000000000002,1473.921,155.38342,1154.9875,1622.6482,12,1. train
1994-02-01,844.9999999999999,1571.81,99.95635,1341.0925,1730.6555,12,1. train
1994-03-01,1224.0,1458.2582,100.98983,1270.5746,1640.3591,12,1. train
1994-04-01,775.0,1190.2754,79.7794,1086.0975,1344.8651,12,1. train
1994-05-01,867.9999999999999,877.1976,127.272835,658.19604,1158.0375,12,1. train
1994-06-01,563.0,597.5152,124.13313,410.3432,876.1456,12,1. train
1994-07-01,457.9999999999998,409.97238,99.844284,299.07016,642.3039,12,1. train
1994-08-01,351.99999999999994,323.7529,92.033134,124.84234,422.79575,12,1. train
1994-09-01,272.9999999999999,352.7952,65.18725,214.78821,439.47403,12,1. train
1994-10-01,305.9999999999998,526.63336,48.580975,429.4392,600.00336,12,1. train
1994-11-01,459.99999999999983,766.1336,95.574844,562.3567,901.288,12,1. train
1994-12-01,1062.0,1076.6364,122.08353,837.57794,1199.4465,12,1. train
1995-01-01,923.9999999999999,1348.3776,110.1132,1098.2767,1548.8805,12,1. train
1995-02-01,2788.0,1413.11,92.985214,1221.1365,1504.749,12,1. train
1995-03-01,1192.9999999999998,1401.7577,194.17004,1224.8048,1959.888,12,1. train
1995-04-01,998.0,1203.9427,152.5445,1049.3069,1639.5924,12,1. train
1995-05-01,741.0,936.29266,81.773186,825.73883,1127.7839,12,1. train
1995-06-01,531.9999999999997,695.54486,82.48258,601.2093,911.96246,12,1. train
1995-07-01,470.99999999999994,475.0203,79.21102,363.93216,648.9898,12,1. train
1995-08-01,310.9999999999999,358.11087,83.567764,212.98753,515.6619,12,1. train
1995-09-01,272.9999999999999,378.13406,75.248886,273.21732,539.1777,12,1. train
1995-10-01,636.9999999999999,515.5845,79.31358,415.73254,651.36127,12,1. train
1995-11-01,616.9999999999999,827.279,92.7517,651.3107,931.87415,12,1. train
1995-12-01,988.0,1181.7867,120.91136,868.97015,1317.4966,12,1. train
1996-01-01,1927.9999999999993,1481.1318,151.2873,1148.5643,1660.6464,12,1. train
1996-02-01,1231.0,1630.889,141.4356,1412.9655,1905.496,12,1. train
1996-03-01,1430.9999999999998,1488.067,98.98615,1353.9509,1705.4576,12,1. train
1996-04-01,828.9999999999999,1211.2137,109.86631,1061.7919,1418.6869,12,1. train
1996-05-01,664.0,870.8305,118.13294,703.7696,970.9697,12,1. train
1996-06-01,498.9999999999998,549.5478,128.05318,349.71863,716.6484,12,1. train
1996-07-01,441.99999999999983,358.34525,117.08778,168.5448,595.64417,12,1. train
1996-08-01,388.99999999999983,298.88202,88.18432,127.727295,426.49167,12,1. train
1996-09-01,681.0,379.391,84.39016,209.85855,504.54178,12,1. train
1996-10-01,517.9999999999999,629.07623,78.398605,520.7112,763.5385,12,1. train
1996-11-01,1455.0,940.34766,95.218376,784.61426,1096.0978,12,1. train
1996-12-01,1735.9999999999998,1325.8041,120.01478,1158.1414,1628.2664,12,1. train
1997-01-01,3620.9999999999995,1567.0929,100.09363,1431.8745,1725.7831,12,1. train
1997-02-01,1823.9999999999993,1585.5319,139.39343,1433.8777,1961.3057,12,1. train
1997-03-01,1498.0,1422.2163,129.6306,1239.3617,1677.3987,12,1. train
1997-04-01,1065.9999999999998,1135.9286,144.56505,940.44415,1494.6927,12,1. train
1997-05-01,764.9999999999997,817.8333,161.6409,582.6943,1116.5199,12,1. train
1997-06-01,862.9999999999999,563.5483,169.12863,313.2711,920.5101,12,1. train
1997-07-01,577.9999999999999,439.6942,153.08546,232.38718,729.3426,12,1. train
1997-08-01,436.9999999999997,462.25452,146.74547,308.03552,740.84827,12,1. train
1997-09-01,404.99999999999983,639.1717,124.13174,408.63312,905.39545,12,1. train
1997-10-01,501.99999999999983,969.2819,165.0053,559.4252,1188.439,12,1. train
1997-11-01,714.9999999999999,1378.8732,122.74106,1189.9142,1555.9387,12,1. train
1997-12-01,1185.0,1707.3309,131.36894,1443.6663,1865.218,12,2. validation
1998-01-01,1191.0,1834.604,142.57243,1593.533,2076.1504,12,2. validation
1998-02-01,1248.0,1715.6383,129.51167,1498.5085,2019.8702,12,2. validation
1998-03-01,965.0,1441.894,84.40044,1318.4346,1632.4893,12,2. validation
1998-04-01,676.0,1095.0131,113.98283,936.10254,1273.1031,12,2. validation
1998-05-01,570.9999999999998,765.8469,153.06969,527.2852,989.6437,12,2. validation
1998-06-01,512.9999999999997,517.6108,140.24527,308.29526,809.759,12,2. validation
1998-07-01,361.9999999999998,364.4868,57.843754,301.74506,469.69656,12,2. validation
1998-08-01,359.9999999999997,312.3185,88.99717,143.13724,456.61758,12,2. validation
1998-09-01,260.0,378.65402,121.67077,156.79688,581.4419,12,2. validation
1998-10-01,500.99999999999983,553.31,137.07645,282.9661,821.1552,12,2. validation
1998-11-01,524.9999999999999,832.17114,133.18657,572.18414,1076.5017,12,2. validation
1998-12-01,1010.0000000000001,1090.3763,151.2598,800.5111,1337.4138,12,2. validation
1999-01-01,1681.0,1270.6056,110.38983,1094.9098,1431.917,12,2. validation
1999-02-01,1409.9999999999998,1348.751,116.06764,1191.027,1620.2332,12,2. validation
1999-03-01,1544.9999999999998,1256.7167,103.69393,1098.772,1458.7157,12,2. validation
1999-04-01,753.9999999999999,1029.7104,69.58117,918.63666,1138.3423,12,2. validation
1999-05-01,530.9999999999997,768.60785,64.44304,652.3132,867.8024,12,2. validation
1999-06-01,501.99999999999983,515.39154,89.2575,301.82687,621.6503,12,2. validation
1999-07-01,399.9999999999997,357.69788,75.40252,224.30147,483.68628,12,2. validation
1999-08-01,277.99999999999994,304.8044,90.81363,155.67679,441.3192,12,2. validation
1999-09-01,289.99999999999983,365.8088,70.8394,252.30298,462.31497,12,2. validation
1999-10-01,209.99999999999977,558.0634,50.421337,458.28403,622.175,12,2. validation
1999-11-01,334.99999999999994,836.3687,106.55963,666.83307,1010.33,12,2. validation
1999-12-01,796.0,1146.2483,131.7509,833.336,1304.9878,12,2. validation
2000-01-01,2248.0,1374.2363,148.55989,1128.0992,1574.514,12,2. validation
2000-02-01,1816.9999999999998,1447.4415,185.2574,1157.5948,1859.8755,12,2. validation
2000-03-01,1376.0,1359.4608,204.68277,992.78217,1712.6794,12,2. validation
2000-04-01,810.9999999999999,1120.2562,149.90437,901.6953,1387.3639,12,2. validation
2000-05-01,539.9999999999999,872.1284,153.78159,638.6791,1201.1758,12,2. validation
2000-06-01,493.0,632.8883,143.03267,444.48618,930.97205,12,2. validation
2000-07-01,418.9999999999998,424.46182,96.48437,262.9008,590.9457,12,2. validation
2000-08-01,379.9999999999998,356.77695,87.078804,193.79115,449.55185,12,2. validation
2000-09-01,557.9999999999998,379.7015,94.23207,251.08252,538.9586,12,2. validation
2000-10-01,301.9999999999997,533.4347,105.56526,413.9019,744.5917,12,2. validation
2000-11-01,702.9999999999997,801.67633,128.48677,608.75555,1030.6923,12,2. validation
2000-12-01,1012.9999999999999,1140.4255,139.6058,913.62585,1312.462,12,2. validation
2001-01-01,895.9999999999997,1432.1699,180.19168,1114.0096,1737.1244,12,2. validation
2001-02-01,712.9999999999999,1467.0299,184.57027,1110.5369,1773.1528,12,2. validation
2001-03-01,627.9999999999998,1285.3317,210.84068,822.72723,1507.9265,12,2. validation
2001-04-01,493.9999999999997,1012.79877,234.65349,604.3792,1320.184,12,2. validation
2001-05-01,374.0,722.3933,187.35222,428.343,1014.73755,12,2. validation
2001-06-01,293.9999999999999,510.0548,146.8189,334.68094,852.9381,12,2. validation
2001-07-01,249.9999999999998,382.8187,102.37233,212.16582,529.5976,12,2. validation
2001-08-01,216.99999999999991,354.0431,116.31066,211.39342,655.4499,12,2. validation
2001-09-01,271.99999999999983,431.83975,72.31846,311.2555,531.1938,12,2. validation
2001-10-01,399.9999999999997,609.9321,89.33611,389.73358,757.115,12,2. validation
2001-11-01,567.0,865.1718,92.77035,706.30444,1051.5647,12,2. validation
2001-12-01,1028.9999999999998,1074.9116,105.51368,937.43494,1228.079,12,2. validation
2002-01-01,1239.9999999999998,1175.0992,84.97801,1064.1678,1312.8789,12,2. validation
2002-02-01,1982.0,1157.205,65.03157,1046.647,1265.7529,12,2. validation
2002-03-01,1146.9999999999998,1044.3921,63.10579,960.7049,1130.4344,12,2. validation
2002-04-01,641.0,860.3257,50.08578,804.1209,933.2673,12,2. validation
2002-05-01,511.9999999999997,658.6724,59.741436,554.82416,728.18066,12,2. validation
2002-06-01,419.9999999999998,460.30576,81.75138,331.7545,586.4167,12,2. validation
2002-07-01,380.9999999999998,334.8331,78.21227,175.9522,441.59702,12,2. validation
2002-08-01,307.99999999999983,314.04776,83.447556,181.41869,424.48865,12,2. validation
2002-09-01,353.99999999999994,392.1346,65.37564,253.92937,483.92853,12,2. validation
2002-10-01,222.0,592.9703,56.740284,442.64963,657.1987,12,2. validation
2002-11-01,548.9999999999997,851.57794,79.7334,687.86664,972.278,12,2. validation
2002-12-01,998.0,1124.1344,98.1922,922.43604,1320.0931,12,2. validation
2003-01-01,1881.9999999999993,1331.8743,124.095215,1173.985,1583.7493,12,3. test
2003-02-01,1396.0,1400.7749,147.95831,1207.7445,1696.8638,12,3. test
2003-03-01,1072.0,1293.0624,130.86328,1102.3599,1500.9744,12,3. test
2003-04-01,718.0,1045.2157,83.6206,919.44495,1173.7544,12,3. test
2003-05-01,530.9999999999997,765.03326,112.66243,510.3268,927.0466,12,3. test
2003-06-01,393.99999999999994,528.7466,125.60226,301.35617,746.67664,12,3. test
2003-07-01,384.99999999999983,366.9985,94.58178,230.30133,555.0889,12,3. test
2003-08-01,270.99999999999983,317.22714,91.76098,132.55077,486.9994,12,3. test
2003-09-01,261.0,366.78268,78.07285,224.29218,477.59958,12,3. test
2003-10-01,301.9999999999997,559.95123,80.46308,405.55905,636.6555,12,3. test
2003-11-01,433.0,844.9716,107.262344,682.41583,986.88477,12,3. test
2003-12-01,916.0000000000001,1155.4888,122.98017,903.99286,1317.4509,12,3. test
2004-01-01,1251.9999999999998,1388.002,124.9158,1163.9387,1646.084,12,3. test
2004-02-01,1614.0,1406.3193,79.585175,1302.1959,1534.2894,12,3. test
2004-03-01,1326.0,1276.253,96.53068,1153.3489,1417.203,12,3. test
2004-04-01,1048.0,1039.0004,81.06696,913.9249,1163.1332,12,3. test
2004-05-01,760.9999999999997,792.2712,40.047848,707.5003,839.5944,12,3. test
2004-06-01,691.9999999999999,549.32855,81.95021,430.02933,760.24286,12,3. test
2004-07-01,564.0,379.4242,75.114204,274.96295,520.48157,12,3. test
2004-08-01,385.99999999999983,310.76297,95.2074,168.16566,478.7382,12,3. test
2004-09-01,293.9999999999999,323.50952,86.996216,197.09613,466.37067,12,3. test
2004-10-01,482.99999999999983,449.2611,70.53516,353.92963,566.2278,12,3. test
2004-11-01,519.9999999999999,715.93036,80.45089,571.00507,841.49524,12,3. test
2004-12-01,1525.9999999999998,1027.5789,96.12822,820.25183,1187.5409,12,3. test
2005-01-01,2239.0,1334.215,150.00783,1149.3646,1675.106,12,3. test
2005-02-01,1712.9999999999998,1501.103,165.65405,1223.2351,1869.6049,12,3. test
2005-03-01,1541.0,1475.4459,147.44263,1248.5778,1745.5537,12,3. test
2005-04-01,873.9999999999997,1280.704,77.43913,1151.5028,1381.8699,12,3. test
2005-05-01,950.0000000000001,976.1013,99.543976,796.7282,1112.687,12,3. test
2005-06-01,676.0,664.3271,133.69531,326.3862,839.7663,12,3. test
2005-07-01,560.9999999999999,437.23306,104.0895,263.3076,648.3969,12,3. test
2005-08-01,415.9999999999997,333.07993,70.61833,218.42384,436.3539,12,3. test
2005-09-01,476.9999999999997,373.53195,60.485573,264.87827,452.6909,12,3. test
2005-10-01,392.0,596.2369,101.905624,403.09924,718.29395,12,3. test
2005-11-01,720.9999999999997,938.41547,148.74234,560.7041,1093.0746,12,3. test
2005-12-01,1352.0,1351.7949,82.0916,1198.8989,1430.9976,12,3. test
2006-01-01,1114.0,1618.359,103.06596,1447.7758,1781.5236,12,3. test
2006-02-01,1160.9999999999998,1636.9523,112.065674,1491.1825,1833.126,12,3. test
2006-03-01,1377.0,1450.8624,136.73422,1190.346,1664.8591,12,3. test
2006-04-01,672.9999999999999,1153.2136,95.39327,988.2774,1323.3417,12,3. test
2006-05-01,494.9999999999997,834.4758,106.970406,624.2305,994.38055,12,3. test
2006-06-01,424.99999999999983,564.14246,97.952415,436.2613,813.0556,12,3. test
2006-07-01,361.9999999999998,372.5145,73.97171,265.31073,475.7838,12,3. test
2006-08-01,282.99999999999966,298.02414,73.64655,179.86401,396.73553,12,3. test
2006-09-01,324.99999999999983,350.03964,88.52861,156.24184,497.533,12,3. test
2006-10-01,471.9999999999997,527.0988,92.14496,310.90585,654.6675,12,3. test
2006-11-01,670.9999999999998,825.75226,77.4157,642.66907,911.14874,12,3. test
2006-12-01,1268.0,1126.1432,98.41565,907.535,1245.3444,12,3. test
2007-01-01,3364.0,1354.7914,111.66143,1192.7166,1578.2546,12,3. test
2007-02-01,2146.0,1454.0874,196.06847,1358.9305,2048.3557,12,3. test
2007-03-01,948.0000000000001,1381.8892,202.8722,1160.5815,1803.7959,12,3. test
2007-04-01,745.9999999999997,1122.8984,125.694984,952.3487,1362.4677,12,3. test
2007-05-01,600.9999999999999,849.73364,106.02516,732.40173,1152.8905,12,3. test
2007-06-01,527.0,587.45355,119.85222,417.9673,862.0846,12,3. test
2007-07-01,462.99999999999983,423.66553,129.00969,218.97359,745.55273,12,3. test
2007-08-01,353.99999999999994,434.71683,138.16205,212.67952,675.5435,12,3. test
2007-09-01,241.0,544.7563,162.06097,378.50467,933.569,12,3. test
2007-10-01,293.9999999999999,806.5078,184.08269,538.6312,1150.3624,12,3. test
2007-11-01,646.9999999999998,1171.0045,227.90279,847.8379,1575.5743,12,3. test
2007-12-01,879.9999999999999,1518.9799,234.02126,1167.0518,1896.7975,12,3. test
2008-01-01,1092.0,1676.8302,247.32672,1220.955,2015.6711,12,3. test
2008-02-01,1736.9999999999998,1605.3335,200.63391,1239.2499,1889.8055,12,3. test
2008-03-01,1757.9999999999998,1371.876,167.82596,1093.57,1580.0326,12,3. test
2008-04-01,1448.0,1099.2894,171.39471,814.8272,1359.2639,12,3. test
2008-05-01,770.9999999999999,814.636,167.11183,480.4449,1021.0823,12,3. test
2008-06-01,624.0,577.12384,135.96687,387.73657,880.7493,12,3. test
2008-07-01,459.99999999999983,406.92224,72.41472,295.48447,506.41183,12,3. test
2008-08-01,433.0,322.88095,87.63751,198.34631,465.33044,12,3. test
2008-09-01,417.9999999999997,345.72205,90.17502,204.26941,534.31085,12,3. test
2008-10-01,476.9999999999997,477.16272,97.65836,375.26523,681.4705,12,3. test
2008-11-01,865.9999999999999,735.42694,99.24529,560.3207,895.85815,12,3. test
2008-12-01,1557.9999999999998,1047.0359,102.247826,762.5224,1167.4084,12,3. test
2009-01-01,2028.0000000000002,1375.1445,126.252365,1202.41,1707.8691,12,3. test
2009-02-01,2485.0,1569.6655,125.221664,1378.0592,1795.2628,12,3. test
2009-03-01,1618.9999999999998,1520.626,88.833015,1370.3357,1655.3685,12,3. test
2009-04-01,1642.9999999999998,1300.1847,90.5041,1175.7899,1436.4434,12,3. test
2009-05-01,842.9999999999997,985.9864,92.50982,808.2077,1128.1428,12,3. test
2009-06-01,695.9999999999999,696.00226,110.70389,449.86914,859.5095,12,3. test
2009-07-01,629.9999999999998,482.20456,139.06383,206.41953,676.2516,12,3. test
2009-08-01,524.9999999999999,391.5576,129.13788,215.27393,668.35016,12,3. test
2009-09-01,704.9999999999997,449.63623,110.96422,321.48563,653.4171,12,3. test
2009-10-01,827.9999999999999,647.28467,96.451584,473.74326,786.0598,12,3. test
2009-11-01,658.0,994.31177,128.4781,700.51886,1114.6421,12,3. test
2009-12-01,1813.0,1369.7653,112.10079,1187.528,1545.158,12,3. test
2010-01-01,1811.0000000000002,1648.25,116.88488,1442.7357,1813.0603,12,3. test
2010-02-01,1026.0,1711.6598,95.83613,1556.4968,1911.9468,12,3. test
2010-03-01,1268.0,1520.639,167.88011,1048.838,1681.4528,12,3. test
2010-04-01,806.9999999999997,1208.3381,168.40263,817.51,1445.421,12,3. test
2010-05-01,578.9999999999999,854.7579,136.60219,605.68933,1022.7499,12,3. test
2010-06-01,477.99999999999983,544.7735,119.3347,328.6909,749.0093,12,3. test
2010-07-01,425.99999999999983,378.97864,107.95972,240.62672,608.6401,12,3. test
2010-08-01,300.99999999999966,353.52164,74.92878,234.69447,493.70334,12,3. test
2010-09-01,283.9999999999997,469.5292,75.40132,366.68344,607.52527,12,3. test
2010-10-01,454.9999999999997,724.565,107.09395,605.40155,902.0573,12,3. test
2010-11-01,860.9999999999997,1046.8463,170.69563,752.1644,1346.7274,12,3. test
2010-12-01,1511.9999999999998,1388.8888,159.98543,1157.9193,1681.1436,12,3. test
2011-01-01,2959.0,1539.8253,164.10475,1280.2478,1814.133,12,3. test
2011-02-01,1086.9999999999998,1526.2677,204.54268,1289.3574,2017.1233,12,3. test
2011-03-01,1930.9999999999998,1346.9475,155.04185,1204.5723,1741.224,12,3. test
2011-04-01,1063.0,1076.7732,215.16127,899.90704,1695.4888,12,3. test
2011-05-01,697.9999999999999,809.643,206.35378,607.2593,1241.6157,12,3. test
2011-06-01,627.9999999999998,537.30853,159.89714,373.782,790.053,12,3. test
2011-07-01,487.99999999999994,371.80075,104.03127,216.88042,551.60455,12,3. test
2011-08-01,387.99999999999983,361.236,111.49098,248.33463,661.43494,12,3. test
2011-09-01,298.0,490.11655,111.69879,345.52106,738.54065,12,3. test
2011-10-01,458.9999999999998,791.61694,163.86871,534.2577,1128.9636,12,3. test
2011-11-01,514.9999999999998,1189.7833,188.47491,990.3559,1703.8354,12,3. test
2011-12-01,1648.0,1564.7413,190.43802,1278.7622,2085.2249,12,3. test
2012-01-01,2628.0,1805.8846,224.74217,1517.6909,2348.3013,12,3. test
2012-02-01,1225.0,1783.23,185.22205,1595.6631,2164.249,11,3. test
2012-03-01,909.9999999999998,1598.9609,174.23238,1377.978,1827.0183,10,3. test
2012-04-01,724.0,1225.9175,111.161125,1054.5275,1387.3982,9,3. test
2012-05-01,674.9999999999999,839.77985,127.37997,583.66376,967.1633,8,3. test
2012-06-01,740.0,539.63873,139.93225,336.673,796.3356,7,3. test
2012-07-01,508.0,370.03152,66.843094,272.44177,464.3448,6,3. test
2012-08-01,339.9999999999997,332.28427,112.77964,161.0001,433.83716,5,3. test
2012-09-01,261.99999999999966,409.2094,110.46477,261.0421,513.5413,4,3. test
2012-10-01,252.99999999999986,637.0987,66.12264,563.807,692.2769,3,3. test
2012-11-01,434.9999999999997,968.59607,49.48565,933.60443,1003.5877,2,3. test
2012-12-01,665.0,1345.6888,,1345.6888,1345.6888,1,3. test
